Field,ID,Type (種類),default,ja,en,de,ko,vi,zh-cn,zh-tw,hi,ms,id,pt-br,fr,es,ar,tr,th,ru,fil,pl,fa,cs,hu
Description,2,テキスト,,"WindowTranslator は、選択したゲームやアプリのウィンドウを Windows.Graphics.Capture で取得し、OCR で画面内の文字を認識して翻訳し、訳文を別のオーバーレイに表示します。 DeepL や Gemini などの翻訳エンジンを選べます。

ゲームファイルやゲームプロセスを書き換えず、ゲームプロセスへの DLL やコードの注入も行いません。利用前に各ゲームの利用規約とアンチチートのポリシーを確認してください。使用が認められることやペナルティがないことは保証できません。

DRM や画面キャプチャ保護によって Windows がウィンドウを取得できない場合、その画面は翻訳できないことがあります。","WindowTranslator captures the selected game or app window with Windows.Graphics.Capture, recognizes its on-screen text with OCR, translates it, and displays the result in a separate overlay. Choose a translation engine such as DeepL or Gemini.

It does not modify game files or the game process, or inject DLLs or other code into that process. Check each game's terms of service and anti-cheat policy before use; WindowTranslator cannot guarantee that a game permits its use or that penalties will not occur.

If DRM or capture protection prevents Windows from capturing a window, WindowTranslator may be unable to translate its contents.","WindowTranslator erfasst das ausgewählte Spiel- oder App-Fenster mit Windows.Graphics.Capture, erkennt den sichtbaren Text per OCR, übersetzt ihn und zeigt das Ergebnis in einem separaten Overlay an. Als Übersetzungsdienst können Sie beispielsweise DeepL oder Gemini wählen.

Die App verändert weder Spieldateien noch den Spielprozess und injiziert keine DLLs oder anderen Code in diesen Prozess. Prüfen Sie vor der Nutzung die Nutzungsbedingungen und Anti-Cheat-Regeln des jeweiligen Spiels. Eine Erlaubnis zur Nutzung oder das Ausbleiben von Sanktionen kann nicht garantiert werden.

Wenn DRM oder Aufnahmeschutz verhindert, dass Windows ein Fenster erfasst, kann dessen Inhalt möglicherweise nicht übersetzt werden.","WindowTranslator는 Windows.Graphics.Capture로 선택한 게임 또는 앱 창을 캡처하고, OCR로 화면의 글자를 인식해 번역한 뒤 별도의 오버레이에 결과를 표시합니다. DeepL이나 Gemini 등의 번역 엔진을 선택할 수 있습니다.

게임 파일이나 게임 프로세스를 수정하지 않으며, 해당 프로세스에 DLL이나 다른 코드를 주입하지 않습니다. 사용하기 전에 각 게임의 이용 약관과 안티치트 정책을 확인하세요. 사용 허용 여부나 제재가 없을지는 보장할 수 없습니다.

DRM이나 화면 캡처 보호 때문에 Windows가 창을 캡처할 수 없는 경우 해당 화면을 번역하지 못할 수 있습니다.","WindowTranslator chụp cửa sổ trò chơi hoặc ứng dụng đã chọn bằng Windows.Graphics.Capture, nhận dạng chữ trên màn hình bằng OCR, dịch và hiển thị kết quả trong một lớp phủ riêng. Bạn có thể chọn công cụ dịch như DeepL hoặc Gemini.

Ứng dụng không sửa tệp hay tiến trình trò chơi và không chèn DLL hoặc mã khác vào tiến trình đó. Hãy kiểm tra điều khoản sử dụng và chính sách chống gian lận của từng trò chơi trước khi dùng. Không thể bảo đảm trò chơi cho phép sử dụng hoặc sẽ không có hình phạt.

Nếu DRM hoặc cơ chế bảo vệ chụp màn hình ngăn Windows chụp cửa sổ, nội dung đó có thể không được dịch.","WindowTranslator 使用 Windows.Graphics.Capture 捕获所选游戏或应用窗口，通过 OCR 识别并翻译画面文字，再将译文显示在独立的叠加层中。 可选择 DeepL 或 Gemini 等翻译引擎。

它不会修改游戏文件或游戏进程，也不会向游戏进程注入 DLL 或其他代码。使用前请查看相应游戏的服务条款及反作弊政策；无法保证游戏允许使用或不会受到处罚。

如果 DRM 或屏幕捕获保护阻止 Windows 获取窗口画面，该画面可能无法翻译。","WindowTranslator 使用 Windows.Graphics.Capture 擷取所選遊戲或應用程式視窗，透過 OCR 辨識並翻譯畫面文字，再將譯文顯示於獨立的覆蓋層。 可選擇 DeepL 或 Gemini 等翻譯引擎。

它不會修改遊戲檔案或遊戲程序，也不會向遊戲程序注入 DLL 或其他程式碼。使用前請查閱各遊戲的服務條款與反作弊政策；無法保證遊戲允許使用或不會受到處分。

若 DRM 或螢幕擷取保護阻止 Windows 擷取視窗畫面，該畫面可能無法翻譯。","WindowTranslator चुनी गई गेम या ऐप विंडो को Windows.Graphics.Capture से कैप्चर करता है, स्क्रीन का पाठ OCR से पहचानकर उसका अनुवाद करता है और परिणाम अलग ओवरले में दिखाता है। DeepL या Gemini जैसे अनुवाद इंजन चुने जा सकते हैं।

यह गेम की फ़ाइलों या प्रक्रिया को नहीं बदलता और उस प्रक्रिया में DLL या अन्य कोड इंजेक्ट नहीं करता। उपयोग से पहले हर गेम की सेवा शर्तें और एंटी-चीट नीति जाँचें। उपयोग की अनुमति या दंड न लगने की गारंटी नहीं दी जा सकती।

यदि DRM या स्क्रीन कैप्चर सुरक्षा के कारण Windows विंडो कैप्चर नहीं कर पाता, तो उसका पाठ अनुवादित नहीं हो सकेगा।","WindowTranslator menangkap tetingkap permainan atau aplikasi yang dipilih menggunakan Windows.Graphics.Capture, mengenal pasti teks pada skrin melalui OCR, menterjemahkannya dan memaparkan hasil dalam tindihan berasingan. Anda boleh memilih enjin terjemahan seperti DeepL atau Gemini.

Ia tidak mengubah fail atau proses permainan dan tidak menyuntik DLL atau kod lain ke dalam proses tersebut. Semak terma penggunaan dan dasar anti-penipuan setiap permainan sebelum digunakan. Kebenaran penggunaan atau ketiadaan penalti tidak dapat dijamin.

Jika DRM atau perlindungan tangkapan skrin menghalang Windows daripada menangkap tetingkap, kandungannya mungkin tidak dapat diterjemahkan.","WindowTranslator menangkap jendela game atau aplikasi yang dipilih dengan Windows.Graphics.Capture, mengenali teks di layar melalui OCR, menerjemahkannya, lalu menampilkan hasilnya pada overlay terpisah. Anda dapat memilih mesin penerjemah seperti DeepL atau Gemini.

Aplikasi ini tidak mengubah berkas atau proses game dan tidak menyuntikkan DLL atau kode lain ke proses tersebut. Periksa ketentuan layanan dan kebijakan anti-cheat tiap game sebelum digunakan. Izin penggunaan maupun ketiadaan sanksi tidak dapat dijamin.

Jika DRM atau perlindungan tangkapan layar menghalangi Windows menangkap jendela, isinya mungkin tidak dapat diterjemahkan.","O WindowTranslator captura a janela selecionada de um jogo ou aplicativo com Windows.Graphics.Capture, reconhece o texto na tela por OCR, traduz e mostra o resultado em uma sobreposição separada. Escolha um mecanismo de tradução como DeepL ou Gemini.

Ele não altera arquivos nem processos do jogo e não injeta DLLs ou outro código nesse processo. Confira os termos de uso e a política antitrapaça de cada jogo antes de usar. Não é possível garantir que o uso seja permitido ou que não haja penalidades.

Se DRM ou proteção contra captura de tela impedir o Windows de capturar uma janela, talvez não seja possível traduzir seu conteúdo.","WindowTranslator capture la fenêtre du jeu ou de l’application choisie avec Windows.Graphics.Capture, reconnaît le texte à l’écran par OCR, le traduit et affiche le résultat dans une superposition distincte. Choisissez un moteur de traduction comme DeepL ou Gemini.

Il ne modifie ni les fichiers ni le processus du jeu et n’injecte aucune DLL ni aucun autre code dans ce processus. Vérifiez les conditions d’utilisation et la politique anti-triche de chaque jeu avant de l’utiliser. L’autorisation d’utilisation et l’absence de sanction ne peuvent être garanties.

Si un DRM ou une protection contre la capture empêche Windows de capturer une fenêtre, son contenu peut ne pas être traduisible.","WindowTranslator captura la ventana del juego o la aplicación seleccionada con Windows.Graphics.Capture, reconoce el texto en pantalla mediante OCR, lo traduce y muestra el resultado en una superposición independiente. Puedes elegir un motor de traducción como DeepL o Gemini.

No modifica los archivos ni el proceso del juego y no inyecta DLL ni otro código en ese proceso. Consulta los términos de uso y la política antitrampas de cada juego antes de usarlo. No se puede garantizar que su uso esté permitido ni que no haya sanciones.

Si el DRM o la protección contra capturas impiden que Windows capture una ventana, es posible que su contenido no se pueda traducir.","يلتقط WindowTranslator نافذة اللعبة أو التطبيق المحدد باستخدام Windows.Graphics.Capture، ويتعرف على النص الظاهر عبر OCR ويترجمه ثم يعرض النتيجة في طبقة تراكب منفصلة. يمكنك اختيار محرك ترجمة مثل DeepL أو Gemini.

لا يغيّر ملفات اللعبة أو عمليتها، ولا يحقن ملفات DLL أو أي تعليمات برمجية أخرى في تلك العملية. راجع شروط الاستخدام وسياسة مكافحة الغش لكل لعبة قبل الاستخدام. لا يمكن ضمان السماح باستخدامه أو عدم فرض عقوبات.

إذا منعت إدارة الحقوق الرقمية (DRM) أو حماية التقاط الشاشة نظام Windows من التقاط نافذة، فقد تتعذر ترجمة محتواها.","WindowTranslator, seçilen oyun veya uygulama penceresini Windows.Graphics.Capture ile yakalar, ekrandaki metni OCR ile tanıyıp çevirir ve sonucu ayrı bir katmanda gösterir. DeepL veya Gemini gibi bir çeviri motoru seçebilirsiniz.

Oyun dosyalarını veya oyun işlemini değiştirmez; bu işleme DLL ya da başka kod enjekte etmez. Kullanmadan önce her oyunun kullanım koşullarını ve hile önleme politikasını kontrol edin. Kullanıma izin verileceği veya ceza uygulanmayacağı garanti edilemez.

DRM veya ekran yakalama koruması Windows'un bir pencereyi yakalamasını engellerse içerik çevrilemeyebilir.","WindowTranslator จับภาพหน้าต่างเกมหรือแอปที่เลือกด้วย Windows.Graphics.Capture ใช้ OCR อ่านข้อความบนหน้าจอ แปลข้อความ แล้วแสดงผลในโอเวอร์เลย์แยกต่างหาก เลือกเครื่องมือแปลภาษาอย่าง DeepL หรือ Gemini ได้

แอปไม่แก้ไขไฟล์หรือกระบวนการของเกม และไม่ฉีด DLL หรือโค้ดอื่นเข้าไปในกระบวนการนั้น โปรดตรวจสอบข้อกำหนดการใช้งานและนโยบายป้องกันการโกงของแต่ละเกมก่อนใช้ ไม่สามารถรับประกันได้ว่าเกมอนุญาตให้ใช้หรือจะไม่มีบทลงโทษ

หาก DRM หรือระบบป้องกันการจับภาพหน้าจอทำให้ Windows จับภาพหน้าต่างไม่ได้ อาจไม่สามารถแปลเนื้อหาในหน้าต่างนั้นได้","WindowTranslator захватывает выбранное окно игры или приложения через Windows.Graphics.Capture, распознаёт текст на экране с помощью OCR, переводит его и показывает результат в отдельном оверлее. Можно выбрать сервис перевода, например DeepL или Gemini.

Программа не изменяет файлы или процесс игры и не внедряет DLL либо другой код в этот процесс. Перед использованием проверьте условия и правила античита каждой игры. Нельзя гарантировать, что использование разрешено или не повлечёт санкций.

Если DRM или защита от захвата экрана не позволяет Windows захватить окно, его содержимое может быть недоступно для перевода.","Kinukuha ng WindowTranslator ang napiling window ng laro o app gamit ang Windows.Graphics.Capture, kinikilala ang teksto sa screen sa pamamagitan ng OCR, isinasalin ito, at ipinapakita ang resulta sa hiwalay na overlay. Pumili ng translation engine gaya ng DeepL o Gemini.

Hindi nito binabago ang mga file o proseso ng laro at hindi ito nag-iinject ng DLL o iba pang code sa prosesong iyon. Suriin muna ang mga tuntunin at anti-cheat policy ng bawat laro. Hindi magagarantiya na pinapayagan ang paggamit o na walang parusa.

Kung hinaharangan ng DRM o proteksiyon sa screen capture ang pagkuha ng Windows sa isang window, maaaring hindi maisalin ang laman nito.","WindowTranslator przechwytuje wybrane okno gry lub aplikacji przez Windows.Graphics.Capture, rozpoznaje tekst na ekranie za pomocą OCR, tłumaczy go i wyświetla wynik w osobnej nakładce. Możesz wybrać silnik tłumaczenia, np. DeepL lub Gemini.

Nie zmienia plików ani procesu gry i nie wstrzykuje do niego bibliotek DLL ani innego kodu. Przed użyciem sprawdź warunki korzystania i zasady systemu antycheatowego danej gry. Nie można zagwarantować zgody na użycie ani braku kar.

Jeśli DRM lub ochrona przed przechwytywaniem ekranu uniemożliwia systemowi Windows przechwycenie okna, jego zawartość może nie zostać przetłumaczona.","WindowTranslator پنجره بازی یا برنامه انتخاب‌شده را با Windows.Graphics.Capture ضبط می‌کند، متن روی صفحه را با OCR تشخیص می‌دهد، ترجمه می‌کند و نتیجه را در یک لایه جداگانه نشان می‌دهد. می‌توانید موتور ترجمه‌ای مانند DeepL یا Gemini را انتخاب کنید.

این برنامه فایل‌ها یا فرایند بازی را تغییر نمی‌دهد و DLL یا کد دیگری را به آن فرایند تزریق نمی‌کند. پیش از استفاده، شرایط استفاده و سیاست ضدتقلب هر بازی را بررسی کنید. مجاز بودن استفاده یا نبود جریمه تضمین نمی‌شود.

اگر DRM یا محافظت از ضبط صفحه مانع ضبط پنجره توسط Windows شود، ممکن است محتوای آن قابل ترجمه نباشد.","WindowTranslator zachytí vybrané okno hry nebo aplikace pomocí Windows.Graphics.Capture, rozpozná text na obrazovce pomocí OCR, přeloží jej a výsledek zobrazí v samostatné překryvné vrstvě. Můžete si vybrat překladač, například DeepL nebo Gemini.

Nemění soubory ani proces hry a nevkládá do něj DLL ani jiný kód. Před použitím si ověřte podmínky služby a pravidla proti podvádění u každé hry. Nelze zaručit, že je použití povoleno ani že nehrozí postih.

Pokud DRM nebo ochrana proti snímání obrazovky brání Windows v zachycení okna, jeho obsah nemusí být možné přeložit.","A WindowTranslator a Windows.Graphics.Capture segítségével rögzíti a kiválasztott játék- vagy alkalmazásablakot, OCR-rel felismeri és lefordítja a képernyőn látható szöveget, majd külön átfedésben jeleníti meg az eredményt. Választhat például DeepL vagy Gemini fordítómotort.

Nem módosítja a játék fájljait vagy folyamatát, és nem fecskendez DLL-t vagy más kódot a folyamatba. Használat előtt ellenőrizze az adott játék felhasználási feltételeit és csalás elleni szabályzatát. A használat engedélyezése és a szankciók elmaradása nem garantálható.

Ha a DRM vagy a képernyőrögzítés elleni védelem megakadályozza, hogy a Windows rögzítse az ablakot, annak tartalma nem feltétlenül fordítható le."
ReleaseNotes,3,テキスト,,,,,,,,,,,,,,,,,,,,,,,
Title,4,テキスト,,WindowTranslator,WindowTranslator,WindowTranslator,WindowTranslator,WindowTranslator,WindowTranslator,WindowTranslator,WindowTranslator,WindowTranslator,WindowTranslator,WindowTranslator,WindowTranslator,WindowTranslator,WindowTranslator,WindowTranslator,WindowTranslator,WindowTranslator,WindowTranslator,WindowTranslator,WindowTranslator,WindowTranslator,WindowTranslator
ShortTitle,5,テキスト,,,,,,,,,,,,,,,,,,,,,,,
SortTitle,6,テキスト,,,,,,,,,,,,,,,,,,,,,,,
VoiceTitle,7,テキスト,,,,,,,,,,,,,,,,,,,,,,,
ShortDescription,8,テキスト,,キャプチャ可能なゲームやアプリの画面文字を OCR で翻訳し、別のオーバーレイに表示。ゲームへのコード注入は行いません。,"Translate text from capturable game and app windows with OCR and a separate overlay, without code injection.",Bildschirmtext erfassbarer Spiele und Apps per OCR übersetzen und in einem separaten Overlay anzeigen – ohne Code-Injektion.,캡처 가능한 게임·앱 창의 글자를 OCR로 번역해 별도 오버레이에 표시합니다. 게임에 코드를 주입하지 않습니다.,"Dịch chữ trong cửa sổ trò chơi, ứng dụng có thể chụp bằng OCR và lớp phủ riêng; không chèn mã vào trò chơi.",通过 OCR 翻译可捕获的游戏和应用窗口文字，并在独立叠加层显示；不向游戏注入代码。,透過 OCR 翻譯可擷取的遊戲與應用程式視窗文字，並顯示於獨立覆蓋層；不向遊戲注入程式碼。,कैप्चर हो सकने वाली गेम और ऐप विंडो का पाठ OCR से अनुवाद कर अलग ओवरले में दिखाएँ; गेम में कोड इंजेक्ट नहीं होता।,"Terjemah teks dalam tetingkap permainan dan aplikasi yang boleh ditangkap dengan OCR dan tindihan berasingan, tanpa suntikan kod.","Terjemahkan teks di jendela game dan aplikasi yang dapat ditangkap dengan OCR dan overlay terpisah, tanpa injeksi kode.","Traduza texto de janelas capturáveis de jogos e aplicativos com OCR e uma sobreposição separada, sem injeção de código.","Traduisez par OCR le texte des fenêtres de jeux et d’applications capturables, dans une superposition distincte, sans injection de code.","Traduce con OCR el texto de ventanas capturables de juegos y aplicaciones en una superposición independiente, sin inyección de código.",ترجم نص نوافذ الألعاب والتطبيقات القابلة للالتقاط عبر OCR وطبقة تراكب منفصلة، دون حقن تعليمات برمجية.,Yakalanabilen oyun ve uygulama pencerelerindeki metni OCR ve ayrı bir katmanla çevirir; oyunlara kod enjekte etmez.,แปลข้อความจากหน้าต่างเกมและแอปที่จับภาพได้ด้วย OCR และโอเวอร์เลย์แยก โดยไม่ฉีดโค้ดเข้าเกม,"Переводите текст доступных для захвата окон игр и приложений с OCR и отдельным оверлеем, без внедрения кода.","Isalin gamit ang OCR ang teksto sa mga window ng laro at app na puwedeng makuha, sa hiwalay na overlay at walang code injection.","Tłumacz tekst z okien gier i aplikacji możliwych do przechwycenia przez OCR w osobnej nakładce, bez wstrzykiwania kodu.",متن پنجره بازی‌ها و برنامه‌های قابل ضبط را با OCR و یک لایه جداگانه ترجمه کنید، بدون تزریق کد.,"Překládejte text ze zachytitelných oken her a aplikací pomocí OCR v samostatné vrstvě, bez vkládání kódu.","A rögzíthető játék- és alkalmazásablakok szövegét OCR-rel, külön átfedésben fordítja le, kódbefecskendezés nélkül."
DevStudio,9,テキスト,,StudioFreesia,StudioFreesia,StudioFreesia,StudioFreesia,StudioFreesia,StudioFreesia,StudioFreesia,StudioFreesia,StudioFreesia,StudioFreesia,StudioFreesia,StudioFreesia,StudioFreesia,StudioFreesia,StudioFreesia,StudioFreesia,StudioFreesia,StudioFreesia,StudioFreesia,StudioFreesia,StudioFreesia,StudioFreesia
CopyrightTrademarkInformation,12,テキスト,,,,,,,,,,,,,,,,,,,,,,,
AdditionalLicenseTerms,13,テキスト,,,,,,,,,,,,,,,,,,,,,,,
DesktopScreenshot1,100,相対パス (またはパートナー センターにあるファイルへの URL),,https://developer.microsoft.com/en-us/dashboard/apps/9PJD2FDZQXM3/submissions/1152921505699903160/listings/1152922700022069162/listingassets/3067428241962855085,https://developer.microsoft.com/en-us/dashboard/apps/9PJD2FDZQXM3/submissions/1152921505699903160/listings/1152922700022069164/listingassets/3067428241962855085,https://developer.microsoft.com/en-us/dashboard/apps/9PJD2FDZQXM3/submissions/1152921505699903160/listings/1152922700022069166/listingassets/3067428241962855085,https://developer.microsoft.com/en-us/dashboard/apps/9PJD2FDZQXM3/submissions/1152921505699903160/listings/1152922700022069168/listingassets/3067428241962855085,https://developer.microsoft.com/en-us/dashboard/apps/9PJD2FDZQXM3/submissions/1152921505699903160/listings/1152922700022069170/listingassets/3067428241962855085,https://developer.microsoft.com/en-us/dashboard/apps/9PJD2FDZQXM3/submissions/1152921505699903160/listings/1152922700022069172/listingassets/3067428241962855085,https://developer.microsoft.com/en-us/dashboard/apps/9PJD2FDZQXM3/submissions/1152921505699903160/listings/1152922700022069174/listingassets/3067428241962855085,https://developer.microsoft.com/en-us/dashboard/apps/9PJD2FDZQXM3/submissions/1152921505699903160/listings/1152922700022069162/listingassets/3067428241962855085,https://developer.microsoft.com/en-us/dashboard/apps/9PJD2FDZQXM3/submissions/1152921505699903160/listings/1152922700022069162/listingassets/3067428241962855085,https://developer.microsoft.com/en-us/dashboard/apps/9PJD2FDZQXM3/submissions/1152921505699903160/listings/1152922700022069162/listingassets/3067428241962855085,https://developer.microsoft.com/en-us/dashboard/apps/9PJD2FDZQXM3/submissions/1152921505699903160/listings/1152922700022069162/listingassets/3067428241962855085,https://developer.microsoft.com/en-us/dashboard/apps/9PJD2FDZQXM3/submissions/1152921505699903160/listings/1152922700022069162/listingassets/3067428241962855085,https://developer.microsoft.com/en-us/dashboard/apps/9PJD2FDZQXM3/submissions/1152921505699903160/listings/1152922700022069162/listingassets/3067428241962855085,https://developer.microsoft.com/en-us/dashboard/apps/9PJD2FDZQXM3/submissions/1152921505699903160/listings/1152922700022069162/listingassets/3067428241962855085,https://developer.microsoft.com/en-us/dashboard/apps/9PJD2FDZQXM3/submissions/1152921505699903160/listings/1152922700022069162/listingassets/3067428241962855085,https://developer.microsoft.com/en-us/dashboard/apps/9PJD2FDZQXM3/submissions/1152921505699903160/listings/1152922700022069162/listingassets/3067428241962855085,https://developer.microsoft.com/en-us/dashboard/apps/9PJD2FDZQXM3/submissions/1152921505699903160/listings/1152922700022069162/listingassets/3067428241962855085,https://developer.microsoft.com/en-us/dashboard/apps/9PJD2FDZQXM3/submissions/1152921505699903160/listings/1152922700022069162/listingassets/3067428241962855085,https://developer.microsoft.com/en-us/dashboard/apps/9PJD2FDZQXM3/submissions/1152921505699903160/listings/1152922700022069162/listingassets/3067428241962855085,https://developer.microsoft.com/en-us/dashboard/apps/9PJD2FDZQXM3/submissions/1152921505699903160/listings/1152922700022069162/listingassets/3067428241962855085,https://developer.microsoft.com/en-us/dashboard/apps/9PJD2FDZQXM3/submissions/1152921505699903160/listings/1152922700022069162/listingassets/3067428241962855085,https://developer.microsoft.com/en-us/dashboard/apps/9PJD2FDZQXM3/submissions/1152921505699903160/listings/1152922700022069162/listingassets/3067428241962855085
DesktopScreenshot2,101,相対パス (またはパートナー センターにあるファイルへの URL),,https://developer.microsoft.com/en-us/dashboard/apps/9PJD2FDZQXM3/submissions/1152921505699903160/listings/1152922700022069162/listingassets/3029548867095727161,https://developer.microsoft.com/en-us/dashboard/apps/9PJD2FDZQXM3/submissions/1152921505699903160/listings/1152922700022069162/listingassets/3029548867095727161,https://developer.microsoft.com/en-us/dashboard/apps/9PJD2FDZQXM3/submissions/1152921505699903160/listings/1152922700022069162/listingassets/3029548867095727161,https://developer.microsoft.com/en-us/dashboard/apps/9PJD2FDZQXM3/submissions/1152921505699903160/listings/1152922700022069162/listingassets/3029548867095727161,https://developer.microsoft.com/en-us/dashboard/apps/9PJD2FDZQXM3/submissions/1152921505699903160/listings/1152922700022069162/listingassets/3029548867095727161,https://developer.microsoft.com/en-us/dashboard/apps/9PJD2FDZQXM3/submissions/1152921505699903160/listings/1152922700022069162/listingassets/3029548867095727161,https://developer.microsoft.com/en-us/dashboard/apps/9PJD2FDZQXM3/submissions/1152921505699903160/listings/1152922700022069162/listingassets/3029548867095727161,https://developer.microsoft.com/en-us/dashboard/apps/9PJD2FDZQXM3/submissions/1152921505699903160/listings/1152922700022069162/listingassets/3029548867095727161,https://developer.microsoft.com/en-us/dashboard/apps/9PJD2FDZQXM3/submissions/1152921505699903160/listings/1152922700022069162/listingassets/3029548867095727161,https://developer.microsoft.com/en-us/dashboard/apps/9PJD2FDZQXM3/submissions/1152921505699903160/listings/1152922700022069162/listingassets/3029548867095727161,https://developer.microsoft.com/en-us/dashboard/apps/9PJD2FDZQXM3/submissions/1152921505699903160/listings/1152922700022069162/listingassets/3029548867095727161,https://developer.microsoft.com/en-us/dashboard/apps/9PJD2FDZQXM3/submissions/1152921505699903160/listings/1152922700022069162/listingassets/3029548867095727161,https://developer.microsoft.com/en-us/dashboard/apps/9PJD2FDZQXM3/submissions/1152921505699903160/listings/1152922700022069162/listingassets/3029548867095727161,https://developer.microsoft.com/en-us/dashboard/apps/9PJD2FDZQXM3/submissions/1152921505699903160/listings/1152922700022069162/listingassets/3029548867095727161,https://developer.microsoft.com/en-us/dashboard/apps/9PJD2FDZQXM3/submissions/1152921505699903160/listings/1152922700022069162/listingassets/3029548867095727161,https://developer.microsoft.com/en-us/dashboard/apps/9PJD2FDZQXM3/submissions/1152921505699903160/listings/1152922700022069162/listingassets/3029548867095727161,https://developer.microsoft.com/en-us/dashboard/apps/9PJD2FDZQXM3/submissions/1152921505699903160/listings/1152922700022069162/listingassets/3029548867095727161,https://developer.microsoft.com/en-us/dashboard/apps/9PJD2FDZQXM3/submissions/1152921505699903160/listings/1152922700022069162/listingassets/3029548867095727161,https://developer.microsoft.com/en-us/dashboard/apps/9PJD2FDZQXM3/submissions/1152921505699903160/listings/1152922700022069162/listingassets/3029548867095727161,https://developer.microsoft.com/en-us/dashboard/apps/9PJD2FDZQXM3/submissions/1152921505699903160/listings/1152922700022069162/listingassets/3029548867095727161,https://developer.microsoft.com/en-us/dashboard/apps/9PJD2FDZQXM3/submissions/1152921505699903160/listings/1152922700022069162/listingassets/3029548867095727161,https://developer.microsoft.com/en-us/dashboard/apps/9PJD2FDZQXM3/submissions/1152921505699903160/listings/1152922700022069162/listingassets/3029548867095727161
DesktopScreenshot3,102,相対パス (またはパートナー センターにあるファイルへの URL),,https://developer.microsoft.com/en-us/dashboard/apps/9PJD2FDZQXM3/submissions/1152921505699903160/listings/1152922700022069162/listingassets/3046338789428813803,https://developer.microsoft.com/en-us/dashboard/apps/9PJD2FDZQXM3/submissions/1152921505699903160/listings/1152922700022069162/listingassets/3046338789428813803,https://developer.microsoft.com/en-us/dashboard/apps/9PJD2FDZQXM3/submissions/1152921505699903160/listings/1152922700022069162/listingassets/3046338789428813803,https://developer.microsoft.com/en-us/dashboard/apps/9PJD2FDZQXM3/submissions/1152921505699903160/listings/1152922700022069162/listingassets/3046338789428813803,https://developer.microsoft.com/en-us/dashboard/apps/9PJD2FDZQXM3/submissions/1152921505699903160/listings/1152922700022069162/listingassets/3046338789428813803,https://developer.microsoft.com/en-us/dashboard/apps/9PJD2FDZQXM3/submissions/1152921505699903160/listings/1152922700022069162/listingassets/3046338789428813803,https://developer.microsoft.com/en-us/dashboard/apps/9PJD2FDZQXM3/submissions/1152921505699903160/listings/1152922700022069162/listingassets/3046338789428813803,https://developer.microsoft.com/en-us/dashboard/apps/9PJD2FDZQXM3/submissions/1152921505699903160/listings/1152922700022069162/listingassets/3046338789428813803,https://developer.microsoft.com/en-us/dashboard/apps/9PJD2FDZQXM3/submissions/1152921505699903160/listings/1152922700022069162/listingassets/3046338789428813803,https://developer.microsoft.com/en-us/dashboard/apps/9PJD2FDZQXM3/submissions/1152921505699903160/listings/1152922700022069162/listingassets/3046338789428813803,https://developer.microsoft.com/en-us/dashboard/apps/9PJD2FDZQXM3/submissions/1152921505699903160/listings/1152922700022069162/listingassets/3046338789428813803,https://developer.microsoft.com/en-us/dashboard/apps/9PJD2FDZQXM3/submissions/1152921505699903160/listings/1152922700022069162/listingassets/3046338789428813803,https://developer.microsoft.com/en-us/dashboard/apps/9PJD2FDZQXM3/submissions/1152921505699903160/listings/1152922700022069162/listingassets/3046338789428813803,https://developer.microsoft.com/en-us/dashboard/apps/9PJD2FDZQXM3/submissions/1152921505699903160/listings/1152922700022069162/listingassets/3046338789428813803,https://developer.microsoft.com/en-us/dashboard/apps/9PJD2FDZQXM3/submissions/1152921505699903160/listings/1152922700022069162/listingassets/3046338789428813803,https://developer.microsoft.com/en-us/dashboard/apps/9PJD2FDZQXM3/submissions/1152921505699903160/listings/1152922700022069162/listingassets/3046338789428813803,https://developer.microsoft.com/en-us/dashboard/apps/9PJD2FDZQXM3/submissions/1152921505699903160/listings/1152922700022069162/listingassets/3046338789428813803,https://developer.microsoft.com/en-us/dashboard/apps/9PJD2FDZQXM3/submissions/1152921505699903160/listings/1152922700022069162/listingassets/3046338789428813803,https://developer.microsoft.com/en-us/dashboard/apps/9PJD2FDZQXM3/submissions/1152921505699903160/listings/1152922700022069162/listingassets/3046338789428813803,https://developer.microsoft.com/en-us/dashboard/apps/9PJD2FDZQXM3/submissions/1152921505699903160/listings/1152922700022069162/listingassets/3046338789428813803,https://developer.microsoft.com/en-us/dashboard/apps/9PJD2FDZQXM3/submissions/1152921505699903160/listings/1152922700022069162/listingassets/3046338789428813803,https://developer.microsoft.com/en-us/dashboard/apps/9PJD2FDZQXM3/submissions/1152921505699903160/listings/1152922700022069162/listingassets/3046338789428813803
DesktopScreenshot4,103,相対パス (またはパートナー センターにあるファイルへの URL),,https://developer.microsoft.com/en-us/dashboard/apps/9PJD2FDZQXM3/submissions/1152921505699903160/listings/1152922700022069162/listingassets/3048694499515620423,https://developer.microsoft.com/en-us/dashboard/apps/9PJD2FDZQXM3/submissions/1152921505699903160/listings/1152922700022069162/listingassets/3048694499515620423,https://developer.microsoft.com/en-us/dashboard/apps/9PJD2FDZQXM3/submissions/1152921505699903160/listings/1152922700022069162/listingassets/3048694499515620423,https://developer.microsoft.com/en-us/dashboard/apps/9PJD2FDZQXM3/submissions/1152921505699903160/listings/1152922700022069162/listingassets/3048694499515620423,https://developer.microsoft.com/en-us/dashboard/apps/9PJD2FDZQXM3/submissions/1152921505699903160/listings/1152922700022069162/listingassets/3048694499515620423,https://developer.microsoft.com/en-us/dashboard/apps/9PJD2FDZQXM3/submissions/1152921505699903160/listings/1152922700022069162/listingassets/3048694499515620423,https://developer.microsoft.com/en-us/dashboard/apps/9PJD2FDZQXM3/submissions/1152921505699903160/listings/1152922700022069162/listingassets/3048694499515620423,https://developer.microsoft.com/en-us/dashboard/apps/9PJD2FDZQXM3/submissions/1152921505699903160/listings/1152922700022069162/listingassets/3048694499515620423,https://developer.microsoft.com/en-us/dashboard/apps/9PJD2FDZQXM3/submissions/1152921505699903160/listings/1152922700022069162/listingassets/3048694499515620423,https://developer.microsoft.com/en-us/dashboard/apps/9PJD2FDZQXM3/submissions/1152921505699903160/listings/1152922700022069162/listingassets/3048694499515620423,https://developer.microsoft.com/en-us/dashboard/apps/9PJD2FDZQXM3/submissions/1152921505699903160/listings/1152922700022069162/listingassets/3048694499515620423,https://developer.microsoft.com/en-us/dashboard/apps/9PJD2FDZQXM3/submissions/1152921505699903160/listings/1152922700022069162/listingassets/3048694499515620423,https://developer.microsoft.com/en-us/dashboard/apps/9PJD2FDZQXM3/submissions/1152921505699903160/listings/1152922700022069162/listingassets/3048694499515620423,https://developer.microsoft.com/en-us/dashboard/apps/9PJD2FDZQXM3/submissions/1152921505699903160/listings/1152922700022069162/listingassets/3048694499515620423,https://developer.microsoft.com/en-us/dashboard/apps/9PJD2FDZQXM3/submissions/1152921505699903160/listings/1152922700022069162/listingassets/3048694499515620423,https://developer.microsoft.com/en-us/dashboard/apps/9PJD2FDZQXM3/submissions/1152921505699903160/listings/1152922700022069162/listingassets/3048694499515620423,https://developer.microsoft.com/en-us/dashboard/apps/9PJD2FDZQXM3/submissions/1152921505699903160/listings/1152922700022069162/listingassets/3048694499515620423,https://developer.microsoft.com/en-us/dashboard/apps/9PJD2FDZQXM3/submissions/1152921505699903160/listings/1152922700022069162/listingassets/3048694499515620423,https://developer.microsoft.com/en-us/dashboard/apps/9PJD2FDZQXM3/submissions/1152921505699903160/listings/1152922700022069162/listingassets/3048694499515620423,https://developer.microsoft.com/en-us/dashboard/apps/9PJD2FDZQXM3/submissions/1152921505699903160/listings/1152922700022069162/listingassets/3048694499515620423,https://developer.microsoft.com/en-us/dashboard/apps/9PJD2FDZQXM3/submissions/1152921505699903160/listings/1152922700022069162/listingassets/3048694499515620423,https://developer.microsoft.com/en-us/dashboard/apps/9PJD2FDZQXM3/submissions/1152921505699903160/listings/1152922700022069162/listingassets/3048694499515620423
DesktopScreenshot5,104,相対パス (またはパートナー センターにあるファイルへの URL),,,,,,,,,,,,,,,,,,,,,,,
DesktopScreenshot6,105,相対パス (またはパートナー センターにあるファイルへの URL),,,,,,,,,,,,,,,,,,,,,,,
DesktopScreenshot7,106,相対パス (またはパートナー センターにあるファイルへの URL),,,,,,,,,,,,,,,,,,,,,,,
DesktopScreenshot8,107,相対パス (またはパートナー センターにあるファイルへの URL),,,,,,,,,,,,,,,,,,,,,,,
DesktopScreenshot9,108,相対パス (またはパートナー センターにあるファイルへの URL),,,,,,,,,,,,,,,,,,,,,,,
DesktopScreenshot10,109,相対パス (またはパートナー センターにあるファイルへの URL),,,,,,,,,,,,,,,,,,,,,,,
DesktopScreenshot11,110,相対パス (またはパートナー センターにあるファイルへの URL),,,,,,,,,,,,,,,,,,,,,,,
DesktopScreenshot12,111,相対パス (またはパートナー センターにあるファイルへの URL),,,,,,,,,,,,,,,,,,,,,,,
DesktopScreenshot13,112,相対パス (またはパートナー センターにあるファイルへの URL),,,,,,,,,,,,,,,,,,,,,,,
DesktopScreenshot14,113,相対パス (またはパートナー センターにあるファイルへの URL),,,,,,,,,,,,,,,,,,,,,,,
DesktopScreenshot15,114,相対パス (またはパートナー センターにあるファイルへの URL),,,,,,,,,,,,,,,,,,,,,,,
DesktopScreenshot16,115,相対パス (またはパートナー センターにあるファイルへの URL),,,,,,,,,,,,,,,,,,,,,,,
DesktopScreenshot17,116,相対パス (またはパートナー センターにあるファイルへの URL),,,,,,,,,,,,,,,,,,,,,,,
DesktopScreenshot18,117,相対パス (またはパートナー センターにあるファイルへの URL),,,,,,,,,,,,,,,,,,,,,,,
DesktopScreenshot19,118,相対パス (またはパートナー センターにあるファイルへの URL),,,,,,,,,,,,,,,,,,,,,,,
DesktopScreenshot20,119,相対パス (またはパートナー センターにあるファイルへの URL),,,,,,,,,,,,,,,,,,,,,,,
DesktopScreenshot21,120,相対パス (またはパートナー センターにあるファイルへの URL),,,,,,,,,,,,,,,,,,,,,,,
DesktopScreenshot22,121,相対パス (またはパートナー センターにあるファイルへの URL),,,,,,,,,,,,,,,,,,,,,,,
DesktopScreenshot23,122,相対パス (またはパートナー センターにあるファイルへの URL),,,,,,,,,,,,,,,,,,,,,,,
DesktopScreenshot24,123,相対パス (またはパートナー センターにあるファイルへの URL),,,,,,,,,,,,,,,,,,,,,,,
DesktopScreenshot25,124,相対パス (またはパートナー センターにあるファイルへの URL),,,,,,,,,,,,,,,,,,,,,,,
DesktopScreenshot26,125,相対パス (またはパートナー センターにあるファイルへの URL),,,,,,,,,,,,,,,,,,,,,,,
DesktopScreenshot27,126,相対パス (またはパートナー センターにあるファイルへの URL),,,,,,,,,,,,,,,,,,,,,,,
DesktopScreenshot28,127,相対パス (またはパートナー センターにあるファイルへの URL),,,,,,,,,,,,,,,,,,,,,,,
DesktopScreenshot29,128,相対パス (またはパートナー センターにあるファイルへの URL),,,,,,,,,,,,,,,,,,,,,,,
DesktopScreenshot30,129,相対パス (またはパートナー センターにあるファイルへの URL),,,,,,,,,,,,,,,,,,,,,,,
DesktopScreenshotCaption1,150,テキスト,,,,,,,,,,,,,,,,,,,,,,,
DesktopScreenshotCaption2,151,テキスト,,,,,,,,,,,,,,,,,,,,,,,
DesktopScreenshotCaption3,152,テキスト,,,,,,,,,,,,,,,,,,,,,,,
DesktopScreenshotCaption4,153,テキスト,,,,,,,,,,,,,,,,,,,,,,,
DesktopScreenshotCaption5,154,テキスト,,,,,,,,,,,,,,,,,,,,,,,
DesktopScreenshotCaption6,155,テキスト,,,,,,,,,,,,,,,,,,,,,,,
DesktopScreenshotCaption7,156,テキスト,,,,,,,,,,,,,,,,,,,,,,,
DesktopScreenshotCaption8,157,テキスト,,,,,,,,,,,,,,,,,,,,,,,
DesktopScreenshotCaption9,158,テキスト,,,,,,,,,,,,,,,,,,,,,,,
DesktopScreenshotCaption10,159,テキスト,,,,,,,,,,,,,,,,,,,,,,,
DesktopScreenshotCaption11,160,テキスト,,,,,,,,,,,,,,,,,,,,,,,
DesktopScreenshotCaption12,161,テキスト,,,,,,,,,,,,,,,,,,,,,,,
DesktopScreenshotCaption13,162,テキスト,,,,,,,,,,,,,,,,,,,,,,,
DesktopScreenshotCaption14,163,テキスト,,,,,,,,,,,,,,,,,,,,,,,
DesktopScreenshotCaption15,164,テキスト,,,,,,,,,,,,,,,,,,,,,,,
DesktopScreenshotCaption16,165,テキスト,,,,,,,,,,,,,,,,,,,,,,,
DesktopScreenshotCaption17,166,テキスト,,,,,,,,,,,,,,,,,,,,,,,
DesktopScreenshotCaption18,167,テキスト,,,,,,,,,,,,,,,,,,,,,,,
DesktopScreenshotCaption19,168,テキスト,,,,,,,,,,,,,,,,,,,,,,,
DesktopScreenshotCaption20,169,テキスト,,,,,,,,,,,,,,,,,,,,,,,
DesktopScreenshotCaption21,170,テキスト,,,,,,,,,,,,,,,,,,,,,,,
DesktopScreenshotCaption22,171,テキスト,,,,,,,,,,,,,,,,,,,,,,,
DesktopScreenshotCaption23,172,テキスト,,,,,,,,,,,,,,,,,,,,,,,
DesktopScreenshotCaption24,173,テキスト,,,,,,,,,,,,,,,,,,,,,,,
DesktopScreenshotCaption25,174,テキスト,,,,,,,,,,,,,,,,,,,,,,,
DesktopScreenshotCaption26,175,テキスト,,,,,,,,,,,,,,,,,,,,,,,
DesktopScreenshotCaption27,176,テキスト,,,,,,,,,,,,,,,,,,,,,,,
DesktopScreenshotCaption28,177,テキスト,,,,,,,,,,,,,,,,,,,,,,,
DesktopScreenshotCaption29,178,テキスト,,,,,,,,,,,,,,,,,,,,,,,
DesktopScreenshotCaption30,179,テキスト,,,,,,,,,,,,,,,,,,,,,,,
MobileScreenshot1,200,相対パス (またはパートナー センターにあるファイルへの URL),,,,,,,,,,,,,,,,,,,,,,,
MobileScreenshot2,201,相対パス (またはパートナー センターにあるファイルへの URL),,,,,,,,,,,,,,,,,,,,,,,
MobileScreenshot3,202,相対パス (またはパートナー センターにあるファイルへの URL),,,,,,,,,,,,,,,,,,,,,,,
MobileScreenshot4,203,相対パス (またはパートナー センターにあるファイルへの URL),,,,,,,,,,,,,,,,,,,,,,,
MobileScreenshot5,204,相対パス (またはパートナー センターにあるファイルへの URL),,,,,,,,,,,,,,,,,,,,,,,
MobileScreenshot6,205,相対パス (またはパートナー センターにあるファイルへの URL),,,,,,,,,,,,,,,,,,,,,,,
MobileScreenshot7,206,相対パス (またはパートナー センターにあるファイルへの URL),,,,,,,,,,,,,,,,,,,,,,,
MobileScreenshot8,207,相対パス (またはパートナー センターにあるファイルへの URL),,,,,,,,,,,,,,,,,,,,,,,
MobileScreenshot9,208,相対パス (またはパートナー センターにあるファイルへの URL),,,,,,,,,,,,,,,,,,,,,,,
MobileScreenshot10,209,相対パス (またはパートナー センターにあるファイルへの URL),,,,,,,,,,,,,,,,,,,,,,,
MobileScreenshot11,210,相対パス (またはパートナー センターにあるファイルへの URL),,,,,,,,,,,,,,,,,,,,,,,
MobileScreenshot12,211,相対パス (またはパートナー センターにあるファイルへの URL),,,,,,,,,,,,,,,,,,,,,,,
MobileScreenshot13,212,相対パス (またはパートナー センターにあるファイルへの URL),,,,,,,,,,,,,,,,,,,,,,,
MobileScreenshot14,213,相対パス (またはパートナー センターにあるファイルへの URL),,,,,,,,,,,,,,,,,,,,,,,
MobileScreenshot15,214,相対パス (またはパートナー センターにあるファイルへの URL),,,,,,,,,,,,,,,,,,,,,,,
MobileScreenshot16,215,相対パス (またはパートナー センターにあるファイルへの URL),,,,,,,,,,,,,,,,,,,,,,,
MobileScreenshot17,216,相対パス (またはパートナー センターにあるファイルへの URL),,,,,,,,,,,,,,,,,,,,,,,
MobileScreenshot18,217,相対パス (またはパートナー センターにあるファイルへの URL),,,,,,,,,,,,,,,,,,,,,,,
MobileScreenshot19,218,相対パス (またはパートナー センターにあるファイルへの URL),,,,,,,,,,,,,,,,,,,,,,,
MobileScreenshot20,219,相対パス (またはパートナー センターにあるファイルへの URL),,,,,,,,,,,,,,,,,,,,,,,
MobileScreenshot21,220,相対パス (またはパートナー センターにあるファイルへの URL),,,,,,,,,,,,,,,,,,,,,,,
MobileScreenshot22,221,相対パス (またはパートナー センターにあるファイルへの URL),,,,,,,,,,,,,,,,,,,,,,,
MobileScreenshot23,222,相対パス (またはパートナー センターにあるファイルへの URL),,,,,,,,,,,,,,,,,,,,,,,
MobileScreenshot24,223,相対パス (またはパートナー センターにあるファイルへの URL),,,,,,,,,,,,,,,,,,,,,,,
MobileScreenshot25,224,相対パス (またはパートナー センターにあるファイルへの URL),,,,,,,,,,,,,,,,,,,,,,,
MobileScreenshot26,225,相対パス (またはパートナー センターにあるファイルへの URL),,,,,,,,,,,,,,,,,,,,,,,
MobileScreenshot27,226,相対パス (またはパートナー センターにあるファイルへの URL),,,,,,,,,,,,,,,,,,,,,,,
MobileScreenshot28,227,相対パス (またはパートナー センターにあるファイルへの URL),,,,,,,,,,,,,,,,,,,,,,,
MobileScreenshot29,228,相対パス (またはパートナー センターにあるファイルへの URL),,,,,,,,,,,,,,,,,,,,,,,
MobileScreenshot30,229,相対パス (またはパートナー センターにあるファイルへの URL),,,,,,,,,,,,,,,,,,,,,,,
MobileScreenshotCaption1,250,テキスト,,,,,,,,,,,,,,,,,,,,,,,
MobileScreenshotCaption2,251,テキスト,,,,,,,,,,,,,,,,,,,,,,,
MobileScreenshotCaption3,252,テキスト,,,,,,,,,,,,,,,,,,,,,,,
MobileScreenshotCaption4,253,テキスト,,,,,,,,,,,,,,,,,,,,,,,
MobileScreenshotCaption5,254,テキスト,,,,,,,,,,,,,,,,,,,,,,,
MobileScreenshotCaption6,255,テキスト,,,,,,,,,,,,,,,,,,,,,,,
MobileScreenshotCaption7,256,テキスト,,,,,,,,,,,,,,,,,,,,,,,
MobileScreenshotCaption8,257,テキスト,,,,,,,,,,,,,,,,,,,,,,,
MobileScreenshotCaption9,258,テキスト,,,,,,,,,,,,,,,,,,,,,,,
MobileScreenshotCaption10,259,テキスト,,,,,,,,,,,,,,,,,,,,,,,
MobileScreenshotCaption11,260,テキスト,,,,,,,,,,,,,,,,,,,,,,,
MobileScreenshotCaption12,261,テキスト,,,,,,,,,,,,,,,,,,,,,,,
MobileScreenshotCaption13,262,テキスト,,,,,,,,,,,,,,,,,,,,,,,
MobileScreenshotCaption14,263,テキスト,,,,,,,,,,,,,,,,,,,,,,,
MobileScreenshotCaption15,264,テキスト,,,,,,,,,,,,,,,,,,,,,,,
MobileScreenshotCaption16,265,テキスト,,,,,,,,,,,,,,,,,,,,,,,
MobileScreenshotCaption17,266,テキスト,,,,,,,,,,,,,,,,,,,,,,,
MobileScreenshotCaption18,267,テキスト,,,,,,,,,,,,,,,,,,,,,,,
MobileScreenshotCaption19,268,テキスト,,,,,,,,,,,,,,,,,,,,,,,
MobileScreenshotCaption20,269,テキスト,,,,,,,,,,,,,,,,,,,,,,,
MobileScreenshotCaption21,270,テキスト,,,,,,,,,,,,,,,,,,,,,,,
MobileScreenshotCaption22,271,テキスト,,,,,,,,,,,,,,,,,,,,,,,
MobileScreenshotCaption23,272,テキスト,,,,,,,,,,,,,,,,,,,,,,,
MobileScreenshotCaption24,273,テキスト,,,,,,,,,,,,,,,,,,,,,,,
MobileScreenshotCaption25,274,テキスト,,,,,,,,,,,,,,,,,,,,,,,
MobileScreenshotCaption26,275,テキスト,,,,,,,,,,,,,,,,,,,,,,,
MobileScreenshotCaption27,276,テキスト,,,,,,,,,,,,,,,,,,,,,,,
MobileScreenshotCaption28,277,テキスト,,,,,,,,,,,,,,,,,,,,,,,
MobileScreenshotCaption29,278,テキスト,,,,,,,,,,,,,,,,,,,,,,,
MobileScreenshotCaption30,279,テキスト,,,,,,,,,,,,,,,,,,,,,,,
XboxScreenshot1,300,相対パス (またはパートナー センターにあるファイルへの URL),,,,,,,,,,,,,,,,,,,,,,,
XboxScreenshot2,301,相対パス (またはパートナー センターにあるファイルへの URL),,,,,,,,,,,,,,,,,,,,,,,
XboxScreenshot3,302,相対パス (またはパートナー センターにあるファイルへの URL),,,,,,,,,,,,,,,,,,,,,,,
XboxScreenshot4,303,相対パス (またはパートナー センターにあるファイルへの URL),,,,,,,,,,,,,,,,,,,,,,,
XboxScreenshot5,304,相対パス (またはパートナー センターにあるファイルへの URL),,,,,,,,,,,,,,,,,,,,,,,
XboxScreenshot6,305,相対パス (またはパートナー センターにあるファイルへの URL),,,,,,,,,,,,,,,,,,,,,,,
XboxScreenshot7,306,相対パス (またはパートナー センターにあるファイルへの URL),,,,,,,,,,,,,,,,,,,,,,,
XboxScreenshot8,307,相対パス (またはパートナー センターにあるファイルへの URL),,,,,,,,,,,,,,,,,,,,,,,
XboxScreenshot9,308,相対パス (またはパートナー センターにあるファイルへの URL),,,,,,,,,,,,,,,,,,,,,,,
XboxScreenshot10,309,相対パス (またはパートナー センターにあるファイルへの URL),,,,,,,,,,,,,,,,,,,,,,,
XboxScreenshot11,310,相対パス (またはパートナー センターにあるファイルへの URL),,,,,,,,,,,,,,,,,,,,,,,
XboxScreenshot12,311,相対パス (またはパートナー センターにあるファイルへの URL),,,,,,,,,,,,,,,,,,,,,,,
XboxScreenshot13,312,相対パス (またはパートナー センターにあるファイルへの URL),,,,,,,,,,,,,,,,,,,,,,,
XboxScreenshot14,313,相対パス (またはパートナー センターにあるファイルへの URL),,,,,,,,,,,,,,,,,,,,,,,
XboxScreenshot15,314,相対パス (またはパートナー センターにあるファイルへの URL),,,,,,,,,,,,,,,,,,,,,,,
XboxScreenshot16,315,相対パス (またはパートナー センターにあるファイルへの URL),,,,,,,,,,,,,,,,,,,,,,,
XboxScreenshot17,316,相対パス (またはパートナー センターにあるファイルへの URL),,,,,,,,,,,,,,,,,,,,,,,
XboxScreenshot18,317,相対パス (またはパートナー センターにあるファイルへの URL),,,,,,,,,,,,,,,,,,,,,,,
XboxScreenshot19,318,相対パス (またはパートナー センターにあるファイルへの URL),,,,,,,,,,,,,,,,,,,,,,,
XboxScreenshot20,319,相対パス (またはパートナー センターにあるファイルへの URL),,,,,,,,,,,,,,,,,,,,,,,
XboxScreenshot21,320,相対パス (またはパートナー センターにあるファイルへの URL),,,,,,,,,,,,,,,,,,,,,,,
XboxScreenshot22,321,相対パス (またはパートナー センターにあるファイルへの URL),,,,,,,,,,,,,,,,,,,,,,,
XboxScreenshot23,322,相対パス (またはパートナー センターにあるファイルへの URL),,,,,,,,,,,,,,,,,,,,,,,
XboxScreenshot24,323,相対パス (またはパートナー センターにあるファイルへの URL),,,,,,,,,,,,,,,,,,,,,,,
XboxScreenshot25,324,相対パス (またはパートナー センターにあるファイルへの URL),,,,,,,,,,,,,,,,,,,,,,,
XboxScreenshot26,325,相対パス (またはパートナー センターにあるファイルへの URL),,,,,,,,,,,,,,,,,,,,,,,
XboxScreenshot27,326,相対パス (またはパートナー センターにあるファイルへの URL),,,,,,,,,,,,,,,,,,,,,,,
XboxScreenshot28,327,相対パス (またはパートナー センターにあるファイルへの URL),,,,,,,,,,,,,,,,,,,,,,,
XboxScreenshot29,328,相対パス (またはパートナー センターにあるファイルへの URL),,,,,,,,,,,,,,,,,,,,,,,
XboxScreenshot30,329,相対パス (またはパートナー センターにあるファイルへの URL),,,,,,,,,,,,,,,,,,,,,,,
XboxScreenshotCaption1,350,テキスト,,,,,,,,,,,,,,,,,,,,,,,
XboxScreenshotCaption2,351,テキスト,,,,,,,,,,,,,,,,,,,,,,,
XboxScreenshotCaption3,352,テキスト,,,,,,,,,,,,,,,,,,,,,,,
XboxScreenshotCaption4,353,テキスト,,,,,,,,,,,,,,,,,,,,,,,
XboxScreenshotCaption5,354,テキスト,,,,,,,,,,,,,,,,,,,,,,,
XboxScreenshotCaption6,355,テキスト,,,,,,,,,,,,,,,,,,,,,,,
XboxScreenshotCaption7,356,テキスト,,,,,,,,,,,,,,,,,,,,,,,
XboxScreenshotCaption8,357,テキスト,,,,,,,,,,,,,,,,,,,,,,,
XboxScreenshotCaption9,358,テキスト,,,,,,,,,,,,,,,,,,,,,,,
XboxScreenshotCaption10,359,テキスト,,,,,,,,,,,,,,,,,,,,,,,
XboxScreenshotCaption11,360,テキスト,,,,,,,,,,,,,,,,,,,,,,,
XboxScreenshotCaption12,361,テキスト,,,,,,,,,,,,,,,,,,,,,,,
XboxScreenshotCaption13,362,テキスト,,,,,,,,,,,,,,,,,,,,,,,
XboxScreenshotCaption14,363,テキスト,,,,,,,,,,,,,,,,,,,,,,,
XboxScreenshotCaption15,364,テキスト,,,,,,,,,,,,,,,,,,,,,,,
XboxScreenshotCaption16,365,テキスト,,,,,,,,,,,,,,,,,,,,,,,
XboxScreenshotCaption17,366,テキスト,,,,,,,,,,,,,,,,,,,,,,,
XboxScreenshotCaption18,367,テキスト,,,,,,,,,,,,,,,,,,,,,,,
XboxScreenshotCaption19,368,テキスト,,,,,,,,,,,,,,,,,,,,,,,
XboxScreenshotCaption20,369,テキスト,,,,,,,,,,,,,,,,,,,,,,,
XboxScreenshotCaption21,370,テキスト,,,,,,,,,,,,,,,,,,,,,,,
XboxScreenshotCaption22,371,テキスト,,,,,,,,,,,,,,,,,,,,,,,
XboxScreenshotCaption23,372,テキスト,,,,,,,,,,,,,,,,,,,,,,,
XboxScreenshotCaption24,373,テキスト,,,,,,,,,,,,,,,,,,,,,,,
XboxScreenshotCaption25,374,テキスト,,,,,,,,,,,,,,,,,,,,,,,
XboxScreenshotCaption26,375,テキスト,,,,,,,,,,,,,,,,,,,,,,,
XboxScreenshotCaption27,376,テキスト,,,,,,,,,,,,,,,,,,,,,,,
XboxScreenshotCaption28,377,テキスト,,,,,,,,,,,,,,,,,,,,,,,
XboxScreenshotCaption29,378,テキスト,,,,,,,,,,,,,,,,,,,,,,,
XboxScreenshotCaption30,379,テキスト,,,,,,,,,,,,,,,,,,,,,,,
HolographicScreenshot1,400,相対パス (またはパートナー センターにあるファイルへの URL),,,,,,,,,,,,,,,,,,,,,,,
HolographicScreenshot2,401,相対パス (またはパートナー センターにあるファイルへの URL),,,,,,,,,,,,,,,,,,,,,,,
HolographicScreenshot3,402,相対パス (またはパートナー センターにあるファイルへの URL),,,,,,,,,,,,,,,,,,,,,,,
HolographicScreenshot4,403,相対パス (またはパートナー センターにあるファイルへの URL),,,,,,,,,,,,,,,,,,,,,,,
HolographicScreenshot5,404,相対パス (またはパートナー センターにあるファイルへの URL),,,,,,,,,,,,,,,,,,,,,,,
HolographicScreenshot6,405,相対パス (またはパートナー センターにあるファイルへの URL),,,,,,,,,,,,,,,,,,,,,,,
HolographicScreenshot7,406,相対パス (またはパートナー センターにあるファイルへの URL),,,,,,,,,,,,,,,,,,,,,,,
HolographicScreenshot8,407,相対パス (またはパートナー センターにあるファイルへの URL),,,,,,,,,,,,,,,,,,,,,,,
HolographicScreenshot9,408,相対パス (またはパートナー センターにあるファイルへの URL),,,,,,,,,,,,,,,,,,,,,,,
HolographicScreenshot10,409,相対パス (またはパートナー センターにあるファイルへの URL),,,,,,,,,,,,,,,,,,,,,,,
HolographicScreenshot11,410,相対パス (またはパートナー センターにあるファイルへの URL),,,,,,,,,,,,,,,,,,,,,,,
HolographicScreenshot12,411,相対パス (またはパートナー センターにあるファイルへの URL),,,,,,,,,,,,,,,,,,,,,,,
HolographicScreenshot13,412,相対パス (またはパートナー センターにあるファイルへの URL),,,,,,,,,,,,,,,,,,,,,,,
HolographicScreenshot14,413,相対パス (またはパートナー センターにあるファイルへの URL),,,,,,,,,,,,,,,,,,,,,,,
HolographicScreenshot15,414,相対パス (またはパートナー センターにあるファイルへの URL),,,,,,,,,,,,,,,,,,,,,,,
HolographicScreenshot16,415,相対パス (またはパートナー センターにあるファイルへの URL),,,,,,,,,,,,,,,,,,,,,,,
HolographicScreenshot17,416,相対パス (またはパートナー センターにあるファイルへの URL),,,,,,,,,,,,,,,,,,,,,,,
HolographicScreenshot18,417,相対パス (またはパートナー センターにあるファイルへの URL),,,,,,,,,,,,,,,,,,,,,,,
HolographicScreenshot19,418,相対パス (またはパートナー センターにあるファイルへの URL),,,,,,,,,,,,,,,,,,,,,,,
HolographicScreenshot20,419,相対パス (またはパートナー センターにあるファイルへの URL),,,,,,,,,,,,,,,,,,,,,,,
HolographicScreenshot21,420,相対パス (またはパートナー センターにあるファイルへの URL),,,,,,,,,,,,,,,,,,,,,,,
HolographicScreenshot22,421,相対パス (またはパートナー センターにあるファイルへの URL),,,,,,,,,,,,,,,,,,,,,,,
HolographicScreenshot23,422,相対パス (またはパートナー センターにあるファイルへの URL),,,,,,,,,,,,,,,,,,,,,,,
HolographicScreenshot24,423,相対パス (またはパートナー センターにあるファイルへの URL),,,,,,,,,,,,,,,,,,,,,,,
HolographicScreenshot25,424,相対パス (またはパートナー センターにあるファイルへの URL),,,,,,,,,,,,,,,,,,,,,,,
HolographicScreenshot26,425,相対パス (またはパートナー センターにあるファイルへの URL),,,,,,,,,,,,,,,,,,,,,,,
HolographicScreenshot27,426,相対パス (またはパートナー センターにあるファイルへの URL),,,,,,,,,,,,,,,,,,,,,,,
HolographicScreenshot28,427,相対パス (またはパートナー センターにあるファイルへの URL),,,,,,,,,,,,,,,,,,,,,,,
HolographicScreenshot29,428,相対パス (またはパートナー センターにあるファイルへの URL),,,,,,,,,,,,,,,,,,,,,,,
HolographicScreenshot30,429,相対パス (またはパートナー センターにあるファイルへの URL),,,,,,,,,,,,,,,,,,,,,,,
HolographicScreenshotCaption1,450,テキスト,,,,,,,,,,,,,,,,,,,,,,,
HolographicScreenshotCaption2,451,テキスト,,,,,,,,,,,,,,,,,,,,,,,
HolographicScreenshotCaption3,452,テキスト,,,,,,,,,,,,,,,,,,,,,,,
HolographicScreenshotCaption4,453,テキスト,,,,,,,,,,,,,,,,,,,,,,,
HolographicScreenshotCaption5,454,テキスト,,,,,,,,,,,,,,,,,,,,,,,
HolographicScreenshotCaption6,455,テキスト,,,,,,,,,,,,,,,,,,,,,,,
HolographicScreenshotCaption7,456,テキスト,,,,,,,,,,,,,,,,,,,,,,,
HolographicScreenshotCaption8,457,テキスト,,,,,,,,,,,,,,,,,,,,,,,
HolographicScreenshotCaption9,458,テキスト,,,,,,,,,,,,,,,,,,,,,,,
HolographicScreenshotCaption10,459,テキスト,,,,,,,,,,,,,,,,,,,,,,,
HolographicScreenshotCaption11,460,テキスト,,,,,,,,,,,,,,,,,,,,,,,
HolographicScreenshotCaption12,461,テキスト,,,,,,,,,,,,,,,,,,,,,,,
HolographicScreenshotCaption13,462,テキスト,,,,,,,,,,,,,,,,,,,,,,,
HolographicScreenshotCaption14,463,テキスト,,,,,,,,,,,,,,,,,,,,,,,
HolographicScreenshotCaption15,464,テキスト,,,,,,,,,,,,,,,,,,,,,,,
HolographicScreenshotCaption16,465,テキスト,,,,,,,,,,,,,,,,,,,,,,,
HolographicScreenshotCaption17,466,テキスト,,,,,,,,,,,,,,,,,,,,,,,
HolographicScreenshotCaption18,467,テキスト,,,,,,,,,,,,,,,,,,,,,,,
HolographicScreenshotCaption19,468,テキスト,,,,,,,,,,,,,,,,,,,,,,,
HolographicScreenshotCaption20,469,テキスト,,,,,,,,,,,,,,,,,,,,,,,
HolographicScreenshotCaption21,470,テキスト,,,,,,,,,,,,,,,,,,,,,,,
HolographicScreenshotCaption22,471,テキスト,,,,,,,,,,,,,,,,,,,,,,,
HolographicScreenshotCaption23,472,テキスト,,,,,,,,,,,,,,,,,,,,,,,
HolographicScreenshotCaption24,473,テキスト,,,,,,,,,,,,,,,,,,,,,,,
HolographicScreenshotCaption25,474,テキスト,,,,,,,,,,,,,,,,,,,,,,,
HolographicScreenshotCaption26,475,テキスト,,,,,,,,,,,,,,,,,,,,,,,
HolographicScreenshotCaption27,476,テキスト,,,,,,,,,,,,,,,,,,,,,,,
HolographicScreenshotCaption28,477,テキスト,,,,,,,,,,,,,,,,,,,,,,,
HolographicScreenshotCaption29,478,テキスト,,,,,,,,,,,,,,,,,,,,,,,
HolographicScreenshotCaption30,479,テキスト,,,,,,,,,,,,,,,,,,,,,,,
SurfaceHubScreenshot11,510,相対パス (またはパートナー センターにあるファイルへの URL),,,,,,,,,,,,,,,,,,,,,,,
SurfaceHubScreenshot12,511,相対パス (またはパートナー センターにあるファイルへの URL),,,,,,,,,,,,,,,,,,,,,,,
SurfaceHubScreenshot13,512,相対パス (またはパートナー センターにあるファイルへの URL),,,,,,,,,,,,,,,,,,,,,,,
SurfaceHubScreenshot14,513,相対パス (またはパートナー センターにあるファイルへの URL),,,,,,,,,,,,,,,,,,,,,,,
SurfaceHubScreenshot15,514,相対パス (またはパートナー センターにあるファイルへの URL),,,,,,,,,,,,,,,,,,,,,,,
SurfaceHubScreenshot16,515,相対パス (またはパートナー センターにあるファイルへの URL),,,,,,,,,,,,,,,,,,,,,,,
SurfaceHubScreenshot17,516,相対パス (またはパートナー センターにあるファイルへの URL),,,,,,,,,,,,,,,,,,,,,,,
SurfaceHubScreenshot18,517,相対パス (またはパートナー センターにあるファイルへの URL),,,,,,,,,,,,,,,,,,,,,,,
SurfaceHubScreenshot19,518,相対パス (またはパートナー センターにあるファイルへの URL),,,,,,,,,,,,,,,,,,,,,,,
SurfaceHubScreenshot20,519,相対パス (またはパートナー センターにあるファイルへの URL),,,,,,,,,,,,,,,,,,,,,,,
SurfaceHubScreenshot21,520,相対パス (またはパートナー センターにあるファイルへの URL),,,,,,,,,,,,,,,,,,,,,,,
SurfaceHubScreenshot22,521,相対パス (またはパートナー センターにあるファイルへの URL),,,,,,,,,,,,,,,,,,,,,,,
SurfaceHubScreenshot23,522,相対パス (またはパートナー センターにあるファイルへの URL),,,,,,,,,,,,,,,,,,,,,,,
SurfaceHubScreenshot24,523,相対パス (またはパートナー センターにあるファイルへの URL),,,,,,,,,,,,,,,,,,,,,,,
SurfaceHubScreenshot25,524,相対パス (またはパートナー センターにあるファイルへの URL),,,,,,,,,,,,,,,,,,,,,,,
SurfaceHubScreenshot26,525,相対パス (またはパートナー センターにあるファイルへの URL),,,,,,,,,,,,,,,,,,,,,,,
SurfaceHubScreenshot27,526,相対パス (またはパートナー センターにあるファイルへの URL),,,,,,,,,,,,,,,,,,,,,,,
SurfaceHubScreenshot28,527,相対パス (またはパートナー センターにあるファイルへの URL),,,,,,,,,,,,,,,,,,,,,,,
SurfaceHubScreenshot29,528,相対パス (またはパートナー センターにあるファイルへの URL),,,,,,,,,,,,,,,,,,,,,,,
SurfaceHubScreenshot30,529,相対パス (またはパートナー センターにあるファイルへの URL),,,,,,,,,,,,,,,,,,,,,,,
SurfaceHubScreenshotCaption11,560,テキスト,,,,,,,,,,,,,,,,,,,,,,,
SurfaceHubScreenshotCaption12,561,テキスト,,,,,,,,,,,,,,,,,,,,,,,
SurfaceHubScreenshotCaption13,562,テキスト,,,,,,,,,,,,,,,,,,,,,,,
SurfaceHubScreenshotCaption14,563,テキスト,,,,,,,,,,,,,,,,,,,,,,,
SurfaceHubScreenshotCaption15,564,テキスト,,,,,,,,,,,,,,,,,,,,,,,
SurfaceHubScreenshotCaption16,565,テキスト,,,,,,,,,,,,,,,,,,,,,,,
SurfaceHubScreenshotCaption17,566,テキスト,,,,,,,,,,,,,,,,,,,,,,,
SurfaceHubScreenshotCaption18,567,テキスト,,,,,,,,,,,,,,,,,,,,,,,
SurfaceHubScreenshotCaption19,568,テキスト,,,,,,,,,,,,,,,,,,,,,,,
SurfaceHubScreenshotCaption20,569,テキスト,,,,,,,,,,,,,,,,,,,,,,,
SurfaceHubScreenshotCaption21,570,テキスト,,,,,,,,,,,,,,,,,,,,,,,
SurfaceHubScreenshotCaption22,571,テキスト,,,,,,,,,,,,,,,,,,,,,,,
SurfaceHubScreenshotCaption23,572,テキスト,,,,,,,,,,,,,,,,,,,,,,,
SurfaceHubScreenshotCaption24,573,テキスト,,,,,,,,,,,,,,,,,,,,,,,
SurfaceHubScreenshotCaption25,574,テキスト,,,,,,,,,,,,,,,,,,,,,,,
SurfaceHubScreenshotCaption26,575,テキスト,,,,,,,,,,,,,,,,,,,,,,,
SurfaceHubScreenshotCaption27,576,テキスト,,,,,,,,,,,,,,,,,,,,,,,
SurfaceHubScreenshotCaption28,577,テキスト,,,,,,,,,,,,,,,,,,,,,,,
SurfaceHubScreenshotCaption29,578,テキスト,,,,,,,,,,,,,,,,,,,,,,,
SurfaceHubScreenshotCaption30,579,テキスト,,,,,,,,,,,,,,,,,,,,,,,
StoreLogo720x1080,600,相対パス (またはパートナー センターにあるファイルへの URL),,,,,,,,,,,,,,,,,,,,,,,
StoreLogo1080x1080,601,相対パス (またはパートナー センターにあるファイルへの URL),,https://developer.microsoft.com/en-us/dashboard/apps/9PJD2FDZQXM3/submissions/1152921505699903160/listings/1152922700022069162/listingassets/3032562801126043870,https://developer.microsoft.com/en-us/dashboard/apps/9PJD2FDZQXM3/submissions/1152921505699903160/listings/1152922700022069164/listingassets/3032562801126043870,https://developer.microsoft.com/en-us/dashboard/apps/9PJD2FDZQXM3/submissions/1152921505699903160/listings/1152922700022069166/listingassets/3032562801126043870,https://developer.microsoft.com/en-us/dashboard/apps/9PJD2FDZQXM3/submissions/1152921505699903160/listings/1152922700022069168/listingassets/3032562801126043870,https://developer.microsoft.com/en-us/dashboard/apps/9PJD2FDZQXM3/submissions/1152921505699903160/listings/1152922700022069170/listingassets/3032562801126043870,https://developer.microsoft.com/en-us/dashboard/apps/9PJD2FDZQXM3/submissions/1152921505699903160/listings/1152922700022069172/listingassets/3032562801126043870,https://developer.microsoft.com/en-us/dashboard/apps/9PJD2FDZQXM3/submissions/1152921505699903160/listings/1152922700022069174/listingassets/3032562801126043870,https://developer.microsoft.com/en-us/dashboard/apps/9PJD2FDZQXM3/submissions/1152921505699903160/listings/1152922700022069162/listingassets/3032562801126043870,https://developer.microsoft.com/en-us/dashboard/apps/9PJD2FDZQXM3/submissions/1152921505699903160/listings/1152922700022069162/listingassets/3032562801126043870,https://developer.microsoft.com/en-us/dashboard/apps/9PJD2FDZQXM3/submissions/1152921505699903160/listings/1152922700022069162/listingassets/3032562801126043870,https://developer.microsoft.com/en-us/dashboard/apps/9PJD2FDZQXM3/submissions/1152921505699903160/listings/1152922700022069162/listingassets/3032562801126043870,https://developer.microsoft.com/en-us/dashboard/apps/9PJD2FDZQXM3/submissions/1152921505699903160/listings/1152922700022069162/listingassets/3032562801126043870,https://developer.microsoft.com/en-us/dashboard/apps/9PJD2FDZQXM3/submissions/1152921505699903160/listings/1152922700022069162/listingassets/3032562801126043870,https://developer.microsoft.com/en-us/dashboard/apps/9PJD2FDZQXM3/submissions/1152921505699903160/listings/1152922700022069162/listingassets/3032562801126043870,https://developer.microsoft.com/en-us/dashboard/apps/9PJD2FDZQXM3/submissions/1152921505699903160/listings/1152922700022069162/listingassets/3032562801126043870,https://developer.microsoft.com/en-us/dashboard/apps/9PJD2FDZQXM3/submissions/1152921505699903160/listings/1152922700022069162/listingassets/3032562801126043870,https://developer.microsoft.com/en-us/dashboard/apps/9PJD2FDZQXM3/submissions/1152921505699903160/listings/1152922700022069162/listingassets/3032562801126043870,https://developer.microsoft.com/en-us/dashboard/apps/9PJD2FDZQXM3/submissions/1152921505699903160/listings/1152922700022069162/listingassets/3032562801126043870,https://developer.microsoft.com/en-us/dashboard/apps/9PJD2FDZQXM3/submissions/1152921505699903160/listings/1152922700022069162/listingassets/3032562801126043870,https://developer.microsoft.com/en-us/dashboard/apps/9PJD2FDZQXM3/submissions/1152921505699903160/listings/1152922700022069162/listingassets/3032562801126043870,https://developer.microsoft.com/en-us/dashboard/apps/9PJD2FDZQXM3/submissions/1152921505699903160/listings/1152922700022069162/listingassets/3032562801126043870,https://developer.microsoft.com/en-us/dashboard/apps/9PJD2FDZQXM3/submissions/1152921505699903160/listings/1152922700022069162/listingassets/3032562801126043870
StoreLogo300x300,602,相対パス (またはパートナー センターにあるファイルへの URL),,,,,,,,,,,,,,,,,,,,,,,
OverrideLogosForWin10,603,True/False,,False,False,False,False,False,False,False,False,False,False,False,False,False,False,False,False,False,False,False,False,False,False
StoreLogoOverride150x150,604,相対パス (またはパートナー センターにあるファイルへの URL),,,,,,,,,,,,,,,,,,,,,,,
StoreLogoOverride71x71,605,相対パス (またはパートナー センターにあるファイルへの URL),,,,,,,,,,,,,,,,,,,,,,,
PromoImage1920x1080,606,相対パス (またはパートナー センターにあるファイルへの URL),,,,,,,,,,,,,,,,,,,,,,,
PromoImage2400x1200,607,相対パス (またはパートナー センターにあるファイルへの URL),,,,,,,,,,,,,,,,,,,,,,,
XboxBrandedKeyArt584x800,608,相対パス (またはパートナー センターにあるファイルへの URL),,,,,,,,,,,,,,,,,,,,,,,
XboxTitledHero1920x1080,609,相対パス (またはパートナー センターにあるファイルへの URL),,,,,,,,,,,,,,,,,,,,,,,
XboxFeaturedPromo1080x1080,610,相対パス (またはパートナー センターにあるファイルへの URL),,,,,,,,,,,,,,,,,,,,,,,
OptionalPromo358x358,611,相対パス (またはパートナー センターにあるファイルへの URL),,,,,,,,,,,,,,,,,,,,,,,
OptionalPromo1000x800,612,相対パス (またはパートナー センターにあるファイルへの URL),,,,,,,,,,,,,,,,,,,,,,,
OptionalPromo414x180,613,相対パス (またはパートナー センターにあるファイルへの URL),,,,,,,,,,,,,,,,,,,,,,,
Feature1,700,テキスト,,対象ウィンドウを指定するだけのかんたん翻訳開始,Easy translation start by simply specifying the target window.,Einfache Übersetzung durch Auswahl des Ziel-Fensters.,대상 창을 지정하기만 하면 간편하게 번역 시작.,Dễ dàng bắt đầu dịch chỉ bằng cách chọn cửa sổ mục tiêu.,只需指定目标窗口即可轻松开始翻译。,只需指定目標視窗即可輕鬆開始翻譯。,लक्ष्य विंडो निर्दिष्ट करके आसान अनुवाद प्रारंभ करें,Mula terjemahan mudah hanya dengan menentukan tetingkap sasaran.,Mulai terjemahan mudah hanya dengan menentukan jendela target.,Comece a tradução facilmente apenas especificando a janela alvo.,Démarrage facile de la traduction en sélectionnant simplement la fenêtre cible.,Inicio fácil de traducción simplemente especificando la ventana objetivo.,بدء الترجمة بسهولة عن طريق تحديد النافذة المستهدفة.,Hedef pencereyi belirterek kolay çeviri başlatma.,เริ่มการแปลง่ายๆ ด้วยการระบุหน้าต่างเป้าหมาย,"Легкий запуск перевода, просто указав целевое окно.",Madaling magsimula ng pagsasalin sa pamamagitan lamang ng pagtukoy sa target window.,Łatwe rozpoczęcie tłumaczenia – wystarczy wskazać okno,شروع آسان با انتخاب پنجره هدف,Snadné zahájení překladu – stačí vybrat okno,Egyszerű fordításindítás célablakkal
Feature2,701,テキスト,,訳文をゲーム／アプリ画面に重ねるオーバーレイ表示,Overlay translation on game/app screen.,Übersetzung als Overlay auf dem Spiel-/App-Bildschirm.,게임/앱 화면에 번역문 오버레이 표시.,Hiển thị bản dịch dưới dạng lớp phủ trên màn hình trò chơi/ứng dụng.,将译文叠加显示在游戏/应用屏幕上。,將譯文疊加顯示於遊戲/應用螢幕。,गेम/ऐप स्क्रीन पर अनुवाद ओवरले प्रदर्शन,Paparan hamparan terjemahan pada skrin permainan/aplikasi.,Tampilan overlay terjemahan pada layar game/aplikasi.,Exibição sobreposta de tradução na tela do jogo/aplicativo.,Affichage en superposition de la traduction sur l'écran du jeu/application.,Visualización superpuesta de traducción en la pantalla del juego/aplicación.,عرض الترجمة كطبقة فوق شاشة اللعبة/التطبيق.,Oyun/uygulama ekranına çeviri yerleştirme.,แสดงการแปลทับบนหน้าจอเกม/แอป,Наложение перевода на экран игры/приложения.,Overlay ng pagsasalin sa screen ng laro/app.,Wyświetlanie tłumaczenia jako nakładka na ekranie gry,نمایش ترجمه به صورت پوشش روی صفحه,Zobrazení překladu jako překryv na obrazovce hry,Átfedéses fordítás játékok és appok felett
Feature3,702,テキスト,,DeepL・Gemini など複数エンジンを選択可能,"Multiple engines available: DeepL, Gemini, etc.","Mehrere Engines verfügbar: DeepL, Gemini usw.","DeepL, Gemini 등 다양한 엔진 선택 가능.","Có thể chọn nhiều công cụ dịch: DeepL, Gemini, v.v.",可选择多种引擎：DeepL、Gemini 等。,可選多種引擎：DeepL、Gemini 等。,"DeepL, Gemini आदि कई इंजन से चयन करें","Pelbagai enjin tersedia: DeepL, Gemini, dll.","Beberapa mesin tersedia: DeepL, Gemini, dll.","Vários mecanismos disponíveis: DeepL, Gemini, etc.","Plusieurs moteurs disponibles : DeepL, Gemini, etc.","Múltiples motores disponibles: DeepL, Gemini, etc.",محركات متعددة متاحة: DeepL، Gemini، إلخ.,"DeepL, Gemini gibi birden fazla motor mevcut.","มีเครื่องมือหลายตัวให้เลือก: DeepL, Gemini ฯลฯ","Доступно несколько движков: DeepL, Gemini и др.","Maraming engine na available: DeepL, Gemini, atbp.","Wybór różnych silników: DeepL, Gemini i inne",پشتیبانی از DeepL، Gemini و غیره,"Výběr různých překladačů: DeepL, Gemini a další","Több motor választható, pl. DeepL, Gemini"
Feature4,703,テキスト,,ホットキー操作,Hotkey operation.,Hotkey-Bedienung.,핫키 조작.,Thao tác bằng phím tắt.,热键操作。,熱鍵操作。,हॉटकी संचालन,Operasi kekunci panas.,Operasi hotkey.,Operação por teclas de atalho.,Opération par raccourcis clavier.,Operación mediante teclas de acceso rápido.,التشغيل باستخدام مفاتيح الاختصار.,Kısayol tuşu işlemi.,การทำงานด้วยปุ่มลัด,Управление горячими клавишами.,Pagpapatakbo ng hotkey.,Obsługa za pomocą skrótów klawiaturowych,کنترل با کلید میانبر,Ovládání klávesovými zkratkami,Gyorsbillentyűs vezérlés
Feature5,704,テキスト,,,,,,,,,,,,,,,,,,,,,,,
Feature6,705,テキスト,,,,,,,,,,,,,,,,,,,,,,,
Feature7,706,テキスト,,,,,,,,,,,,,,,,,,,,,,,
Feature8,707,テキスト,,,,,,,,,,,,,,,,,,,,,,,
Feature9,708,テキスト,,,,,,,,,,,,,,,,,,,,,,,
Feature10,709,テキスト,,,,,,,,,,,,,,,,,,,,,,,
Feature11,710,テキスト,,,,,,,,,,,,,,,,,,,,,,,
Feature12,711,テキスト,,,,,,,,,,,,,,,,,,,,,,,
Feature13,712,テキスト,,,,,,,,,,,,,,,,,,,,,,,
Feature14,713,テキスト,,,,,,,,,,,,,,,,,,,,,,,
Feature15,714,テキスト,,,,,,,,,,,,,,,,,,,,,,,
Feature16,715,テキスト,,,,,,,,,,,,,,,,,,,,,,,
Feature17,716,テキスト,,,,,,,,,,,,,,,,,,,,,,,
Feature18,717,テキスト,,,,,,,,,,,,,,,,,,,,,,,
Feature19,718,テキスト,,,,,,,,,,,,,,,,,,,,,,,
Feature20,719,テキスト,,,,,,,,,,,,,,,,,,,,,,,
MinimumHardwareReq1,800,テキスト,,,,,,,,,,,,,,,,,,,,,,,
MinimumHardwareReq2,801,テキスト,,,,,,,,,,,,,,,,,,,,,,,
MinimumHardwareReq3,802,テキスト,,,,,,,,,,,,,,,,,,,,,,,
MinimumHardwareReq4,803,テキスト,,,,,,,,,,,,,,,,,,,,,,,
MinimumHardwareReq5,804,テキスト,,,,,,,,,,,,,,,,,,,,,,,
MinimumHardwareReq6,805,テキスト,,,,,,,,,,,,,,,,,,,,,,,
MinimumHardwareReq7,806,テキスト,,,,,,,,,,,,,,,,,,,,,,,
MinimumHardwareReq8,807,テキスト,,,,,,,,,,,,,,,,,,,,,,,
MinimumHardwareReq9,808,テキスト,,,,,,,,,,,,,,,,,,,,,,,
MinimumHardwareReq10,809,テキスト,,,,,,,,,,,,,,,,,,,,,,,
MinimumHardwareReq11,810,テキスト,,,,,,,,,,,,,,,,,,,,,,,
RecommendedHardwareReq1,850,テキスト,,,,,,,,,,,,,,,,,,,,,,,
RecommendedHardwareReq2,851,テキスト,,,,,,,,,,,,,,,,,,,,,,,
RecommendedHardwareReq3,852,テキスト,,,,,,,,,,,,,,,,,,,,,,,
RecommendedHardwareReq4,853,テキスト,,,,,,,,,,,,,,,,,,,,,,,
RecommendedHardwareReq5,854,テキスト,,,,,,,,,,,,,,,,,,,,,,,
RecommendedHardwareReq6,855,テキスト,,,,,,,,,,,,,,,,,,,,,,,
RecommendedHardwareReq7,856,テキスト,,,,,,,,,,,,,,,,,,,,,,,
RecommendedHardwareReq8,857,テキスト,,,,,,,,,,,,,,,,,,,,,,,
RecommendedHardwareReq9,858,テキスト,,,,,,,,,,,,,,,,,,,,,,,
RecommendedHardwareReq10,859,テキスト,,,,,,,,,,,,,,,,,,,,,,,
RecommendedHardwareReq11,860,テキスト,,,,,,,,,,,,,,,,,,,,,,,
SearchTerm1,900,テキスト,,翻訳ツール,Translation tool,Übersetzungswerkzeug,번역 도구,Công cụ dịch,翻译工具,翻譯工具,अनुवाद उपकरण,Alat terjemahan,Alat terjemahan,Tradutor,Outil traduction,Herramienta traducción,أداة الترجمة,Çeviri aracı,เครื่องมือแปลภาษา,Инструмент перевода,Kagamitang pansalin,Narzędzie tłumaczenia,ابزار ترجمه,Překladatelský nástroj,fordítóeszköz
SearchTerm2,901,テキスト,,ウィンドウ翻訳,Window translation,Fensterübersetzung,윈도우 번역,Dịch cửa sổ,窗口翻译,視窗翻譯,विंडो अनुवाद,Terjemahan tetingkap,Terjemahan jendela,Tradução de janela,Traduction fenêtre,Traducción ventana,ترجمة النافذة,Pencere çevirisi,การแปลหน้าต่าง,Перевод окна,Pagsasalin ng window,Tłumaczenie okna,ترجمه پنجره,Překlad okna,ablakfordítás
SearchTerm3,902,テキスト,,PC向け翻訳ソフト,PC translation software,PC-Übersetzungssoftware,PC용 번역 소프트웨어,Phần mềm dịch cho PC,PC翻译软件,PC翻譯軟體,PC अनुवाद सॉफ्टवेयर,Perisian terjemahan PC,Perangkat lunak terjemahan PC,Tradutor para PC,Logiciel traduction PC,Software traducción PC,برنامج ترجمة للكمبيوتر,PC çeviri yazılımı,ซอฟต์แวร์แปลสำหรับ PC,Переводчик для ПК,Tagasalin PC,Tłumacz PC,نرم‌افزار ترجمه,Překladač PC,PC-s fordítóprogram
SearchTerm4,903,テキスト,,画面テキスト翻訳,Screen text translation,Bildschirmtextübersetzung,화면 텍스트 번역,Dịch văn bản màn hình,屏幕文本翻译,螢幕文字翻譯,स्क्रीन टेक्स्ट अनुवाद,Terjemahan teks skrin,Terjemahan teks layar,Tradução na tela,Traduction texte écran,Traducción texto pantalla,ترجمة نص الشاشة,Ekran metni çevirisi,การแปลข้อความบนหน้าจอ,Перевод с экрана,Pagsasalin ng teksto,Tłumaczenie tekstu ekranu,ترجمه متن صفحه,Překlad textu obrazovky,képernyőszöveg fordítás
SearchTerm5,904,テキスト,,ゲーム翻訳ツール,Game translation tool,Spielübersetzungstool,게임 번역 도구,Công cụ dịch game,游戏翻译工具,遊戲翻譯工具,गेम अनुवाद उपकरण,Alat terjemahan permainan,Alat terjemahan game,Tradutor de jogos,Outil traduction jeux,Herramienta traducción juegos,أداة ترجمة الألعاب,Oyun çeviri aracı,เครื่องมือแปลเกม,Инструмент перевода игр,Pagsasalin ng laro,Tłumacz gier,ترجمه بازی,Překladač her,játékfordító eszköz
SearchTerm6,905,テキスト,,アプリ画面翻訳,App screen translation,App-Bildschirmübersetzung,앱 화면 번역,Dịch màn hình ứng dụng,应用屏幕翻译,應用程式螢幕翻譯,ऐप स्क्रीन अनुवाद,Terjemahan skrin aplikasi,Terjemahan layar aplikasi,Tradução de aplicativos,Traduction écran application,Traducción pantalla aplicación,ترجمة شاشة التطبيق,Uygulama ekran çevirisi,การแปลหน้าจอแอป,Перевод экрана приложения,Pagsasalin ng app,Tłumaczenie ekranu aplikacji,ترجمه برنامه,Překlad obrazovky aplikace,alkalmazásképernyő fordítás
SearchTerm7,906,テキスト,,OCR連携翻訳ツール,OCR integrated translation tool,OCR-Übersetzungstool,OCR 연동 번역 도구,Công cụ dịch tích hợp OCR,OCR集成翻译工具,OCR整合翻譯工具,OCR एकीकृत अनुवाद उपकरण,Alat terjemahan bersepadu OCR,Alat terjemahan terintegrasi OCR,Tradutor com OCR,Traducteur OCR,Traductor OCR,أداة ترجمة متكاملة مع OCR,OCR entegreli çeviri aracı,เครื่องมือแปลแบบรวม OCR,Инструмент перевода с OCR,Pagsasalin na may OCR,Tłumacz z OCR,ابزار ترجمه OCR,Překladač s OCR,OCR fordítóeszköz
TrailerToPlayAtTopOfListing,999,相対パス (またはパートナー センターにあるファイルへの URL),,,,,,,,,,,,,,,,,,,,,,,
Trailer1,1000,相対パス (またはパートナー センターにあるファイルへの URL),,https://developer.microsoft.com/en-us/dashboard/apps/9PJD2FDZQXM3/submissions/1152921505699903160/trailers/3066319628284177967,https://developer.microsoft.com/en-us/dashboard/apps/9PJD2FDZQXM3/submissions/1152921505699903160/trailers/3066319628284177967,https://developer.microsoft.com/en-us/dashboard/apps/9PJD2FDZQXM3/submissions/1152921505699903160/trailers/3066319628284177967,https://developer.microsoft.com/en-us/dashboard/apps/9PJD2FDZQXM3/submissions/1152921505699903160/trailers/3066319628284177967,https://developer.microsoft.com/en-us/dashboard/apps/9PJD2FDZQXM3/submissions/1152921505699903160/trailers/3066319628284177967,https://developer.microsoft.com/en-us/dashboard/apps/9PJD2FDZQXM3/submissions/1152921505699903160/trailers/3066319628284177967,https://developer.microsoft.com/en-us/dashboard/apps/9PJD2FDZQXM3/submissions/1152921505699903160/trailers/3066319628284177967,https://developer.microsoft.com/en-us/dashboard/apps/9PJD2FDZQXM3/submissions/1152921505699903160/trailers/3066319628284177967,https://developer.microsoft.com/en-us/dashboard/apps/9PJD2FDZQXM3/submissions/1152921505699903160/trailers/3066319628284177967,https://developer.microsoft.com/en-us/dashboard/apps/9PJD2FDZQXM3/submissions/1152921505699903160/trailers/3066319628284177967,https://developer.microsoft.com/en-us/dashboard/apps/9PJD2FDZQXM3/submissions/1152921505699903160/trailers/3066319628284177967,https://developer.microsoft.com/en-us/dashboard/apps/9PJD2FDZQXM3/submissions/1152921505699903160/trailers/3066319628284177967,https://developer.microsoft.com/en-us/dashboard/apps/9PJD2FDZQXM3/submissions/1152921505699903160/trailers/3066319628284177967,https://developer.microsoft.com/en-us/dashboard/apps/9PJD2FDZQXM3/submissions/1152921505699903160/trailers/3066319628284177967,https://developer.microsoft.com/en-us/dashboard/apps/9PJD2FDZQXM3/submissions/1152921505699903160/trailers/3066319628284177967,https://developer.microsoft.com/en-us/dashboard/apps/9PJD2FDZQXM3/submissions/1152921505699903160/trailers/3066319628284177967,https://developer.microsoft.com/en-us/dashboard/apps/9PJD2FDZQXM3/submissions/1152921505699903160/trailers/3066319628284177967,https://developer.microsoft.com/en-us/dashboard/apps/9PJD2FDZQXM3/submissions/1152921505699903160/trailers/3066319628284177967,https://developer.microsoft.com/en-us/dashboard/apps/9PJD2FDZQXM3/submissions/1152921505699903160/trailers/3066319628284177967,https://developer.microsoft.com/en-us/dashboard/apps/9PJD2FDZQXM3/submissions/1152921505699903160/trailers/3066319628284177967,https://developer.microsoft.com/en-us/dashboard/apps/9PJD2FDZQXM3/submissions/1152921505699903160/trailers/3066319628284177967,https://developer.microsoft.com/en-us/dashboard/apps/9PJD2FDZQXM3/submissions/1152921505699903160/trailers/3066319628284177967
Trailer2,1001,相対パス (またはパートナー センターにあるファイルへの URL),,,,,,,,,,,,,,,,,,,,,,,
Trailer3,1002,相対パス (またはパートナー センターにあるファイルへの URL),,,,,,,,,,,,,,,,,,,,,,,
Trailer4,1003,相対パス (またはパートナー センターにあるファイルへの URL),,,,,,,,,,,,,,,,,,,,,,,
Trailer5,1004,相対パス (またはパートナー センターにあるファイルへの URL),,,,,,,,,,,,,,,,,,,,,,,
Trailer6,1005,相対パス (またはパートナー センターにあるファイルへの URL),,,,,,,,,,,,,,,,,,,,,,,
Trailer7,1006,相対パス (またはパートナー センターにあるファイルへの URL),,,,,,,,,,,,,,,,,,,,,,,
Trailer8,1007,相対パス (またはパートナー センターにあるファイルへの URL),,,,,,,,,,,,,,,,,,,,,,,
Trailer9,1008,相対パス (またはパートナー センターにあるファイルへの URL),,,,,,,,,,,,,,,,,,,,,,,
Trailer10,1009,相対パス (またはパートナー センターにあるファイルへの URL),,,,,,,,,,,,,,,,,,,,,,,
Trailer11,1010,相対パス (またはパートナー センターにあるファイルへの URL),,,,,,,,,,,,,,,,,,,,,,,
Trailer12,1011,相対パス (またはパートナー センターにあるファイルへの URL),,,,,,,,,,,,,,,,,,,,,,,
Trailer13,1012,相対パス (またはパートナー センターにあるファイルへの URL),,,,,,,,,,,,,,,,,,,,,,,
Trailer14,1013,相対パス (またはパートナー センターにあるファイルへの URL),,,,,,,,,,,,,,,,,,,,,,,
Trailer15,1014,相対パス (またはパートナー センターにあるファイルへの URL),,,,,,,,,,,,,,,,,,,,,,,
TrailerTitle1,1020,テキスト,,PCゲームを自動翻訳 WindowTranaslator,Automatically translate PC games with WindowTranslator,PC-Spiele mit Windows Translator automatisch übersetzen,PC 게임 자동 번역 WindowTranaslator,Tự động dịch trò chơi PC WindowTranaslator,PC游戏自动翻译 WindowTranaslator,PC遊戲自動翻譯 WindowTranaslator,PC गेम स्वचालित अनुवाद WindowTranslator,Terjemahkan permainan PC secara automatik dengan WindowTranslator,Terjemahkan game PC secara otomatis dengan WindowTranslator,Tradução automática de jogos de PC com WindowTranslator,Traduction automatique de jeux PC avec WindowTranslator,Traducción automática de juegos de PC con WindowTranslator,ترجمة ألعاب الكمبيوتر تلقائيًا مع WindowTranslator,PC oyunlarını otomatik olarak çevirin WindowTranslator ile,แปลเกม PC อัตโนมัติด้วย WindowTranslator,Автоматический перевод игр для ПК с WindowTranslator,Awtomatikong isalin ang mga PC game gamit ang WindowTranslator,Automatyczne tłumaczenie gier PC — WindowTranslator,ترجمه خودکار بازی‌های رایانه‌ای با WindowTranslator,Automatický překlad PC her — WindowTranslator,PC-játékok automatikus fordítása WindowTranslator
TrailerTitle2,1021,テキスト,,,,,,,,,,,,,,,,,,,,,,,
TrailerTitle3,1022,テキスト,,,,,,,,,,,,,,,,,,,,,,,
TrailerTitle4,1023,テキスト,,,,,,,,,,,,,,,,,,,,,,,
TrailerTitle5,1024,テキスト,,,,,,,,,,,,,,,,,,,,,,,
TrailerTitle6,1025,テキスト,,,,,,,,,,,,,,,,,,,,,,,
TrailerTitle7,1026,テキスト,,,,,,,,,,,,,,,,,,,,,,,
TrailerTitle8,1027,テキスト,,,,,,,,,,,,,,,,,,,,,,,
TrailerTitle9,1028,テキスト,,,,,,,,,,,,,,,,,,,,,,,
TrailerTitle10,1029,テキスト,,,,,,,,,,,,,,,,,,,,,,,
TrailerTitle11,1030,テキスト,,,,,,,,,,,,,,,,,,,,,,,
TrailerTitle12,1031,テキスト,,,,,,,,,,,,,,,,,,,,,,,
TrailerTitle13,1032,テキスト,,,,,,,,,,,,,,,,,,,,,,,
TrailerTitle14,1033,テキスト,,,,,,,,,,,,,,,,,,,,,,,
TrailerTitle15,1034,テキスト,,,,,,,,,,,,,,,,,,,,,,,
TrailerThumbnail1,1040,相対パス (またはパートナー センターにあるファイルへの URL),,https://developer.microsoft.com/en-us/dashboard/apps/9PJD2FDZQXM3/submissions/1152921505699903160/trailers/1152922700022251430/assets/3046467379904781337,https://developer.microsoft.com/en-us/dashboard/apps/9PJD2FDZQXM3/submissions/1152921505699903160/trailers/1152922700022251430/assets/3046467379904781337,https://developer.microsoft.com/en-us/dashboard/apps/9PJD2FDZQXM3/submissions/1152921505699903160/trailers/1152922700022251430/assets/3046467379904781337,https://developer.microsoft.com/en-us/dashboard/apps/9PJD2FDZQXM3/submissions/1152921505699903160/trailers/1152922700022251430/assets/3046467379904781337,https://developer.microsoft.com/en-us/dashboard/apps/9PJD2FDZQXM3/submissions/1152921505699903160/trailers/1152922700022251430/assets/3046467379904781337,https://developer.microsoft.com/en-us/dashboard/apps/9PJD2FDZQXM3/submissions/1152921505699903160/trailers/1152922700022251430/assets/3046467379904781337,https://developer.microsoft.com/en-us/dashboard/apps/9PJD2FDZQXM3/submissions/1152921505699903160/trailers/1152922700022251430/assets/3046467379904781337,https://developer.microsoft.com/en-us/dashboard/apps/9PJD2FDZQXM3/submissions/1152921505699903160/trailers/1152922700022251430/assets/3046467379904781337,https://developer.microsoft.com/en-us/dashboard/apps/9PJD2FDZQXM3/submissions/1152921505699903160/trailers/1152922700022251430/assets/3046467379904781337,https://developer.microsoft.com/en-us/dashboard/apps/9PJD2FDZQXM3/submissions/1152921505699903160/trailers/1152922700022251430/assets/3046467379904781337,https://developer.microsoft.com/en-us/dashboard/apps/9PJD2FDZQXM3/submissions/1152921505699903160/trailers/1152922700022251430/assets/3046467379904781337,https://developer.microsoft.com/en-us/dashboard/apps/9PJD2FDZQXM3/submissions/1152921505699903160/trailers/1152922700022251430/assets/3046467379904781337,https://developer.microsoft.com/en-us/dashboard/apps/9PJD2FDZQXM3/submissions/1152921505699903160/trailers/1152922700022251430/assets/3046467379904781337,https://developer.microsoft.com/en-us/dashboard/apps/9PJD2FDZQXM3/submissions/1152921505699903160/trailers/1152922700022251430/assets/3046467379904781337,https://developer.microsoft.com/en-us/dashboard/apps/9PJD2FDZQXM3/submissions/1152921505699903160/trailers/1152922700022251430/assets/3046467379904781337,https://developer.microsoft.com/en-us/dashboard/apps/9PJD2FDZQXM3/submissions/1152921505699903160/trailers/1152922700022251430/assets/3046467379904781337,https://developer.microsoft.com/en-us/dashboard/apps/9PJD2FDZQXM3/submissions/1152921505699903160/trailers/1152922700022251430/assets/3046467379904781337,https://developer.microsoft.com/en-us/dashboard/apps/9PJD2FDZQXM3/submissions/1152921505699903160/trailers/1152922700022251430/assets/3046467379904781337,https://developer.microsoft.com/en-us/dashboard/apps/9PJD2FDZQXM3/submissions/1152921505699903160/trailers/1152922700022251430/assets/3046467379904781337,https://developer.microsoft.com/en-us/dashboard/apps/9PJD2FDZQXM3/submissions/1152921505699903160/trailers/1152922700022251430/assets/3046467379904781337,https://developer.microsoft.com/en-us/dashboard/apps/9PJD2FDZQXM3/submissions/1152921505699903160/trailers/1152922700022251430/assets/3046467379904781337,https://developer.microsoft.com/en-us/dashboard/apps/9PJD2FDZQXM3/submissions/1152921505699903160/trailers/1152922700022251430/assets/3046467379904781337
TrailerThumbnail2,1041,相対パス (またはパートナー センターにあるファイルへの URL),,,,,,,,,,,,,,,,,,,,,,,
TrailerThumbnail3,1042,相対パス (またはパートナー センターにあるファイルへの URL),,,,,,,,,,,,,,,,,,,,,,,
TrailerThumbnail4,1043,相対パス (またはパートナー センターにあるファイルへの URL),,,,,,,,,,,,,,,,,,,,,,,
TrailerThumbnail5,1044,相対パス (またはパートナー センターにあるファイルへの URL),,,,,,,,,,,,,,,,,,,,,,,
TrailerThumbnail6,1045,相対パス (またはパートナー センターにあるファイルへの URL),,,,,,,,,,,,,,,,,,,,,,,
TrailerThumbnail7,1046,相対パス (またはパートナー センターにあるファイルへの URL),,,,,,,,,,,,,,,,,,,,,,,
TrailerThumbnail8,1047,相対パス (またはパートナー センターにあるファイルへの URL),,,,,,,,,,,,,,,,,,,,,,,
TrailerThumbnail9,1048,相対パス (またはパートナー センターにあるファイルへの URL),,,,,,,,,,,,,,,,,,,,,,,
TrailerThumbnail10,1049,相対パス (またはパートナー センターにあるファイルへの URL),,,,,,,,,,,,,,,,,,,,,,,
TrailerThumbnail11,1050,相対パス (またはパートナー センターにあるファイルへの URL),,,,,,,,,,,,,,,,,,,,,,,
TrailerThumbnail12,1051,相対パス (またはパートナー センターにあるファイルへの URL),,,,,,,,,,,,,,,,,,,,,,,
TrailerThumbnail13,1052,相対パス (またはパートナー センターにあるファイルへの URL),,,,,,,,,,,,,,,,,,,,,,,
TrailerThumbnail14,1053,相対パス (またはパートナー センターにあるファイルへの URL),,,,,,,,,,,,,,,,,,,,,,,
TrailerThumbnail15,1054,相対パス (またはパートナー センターにあるファイルへの URL),,,,,,,,,,,,,,,,,,,,,,,
TrailerClosedCaption1,1055,相対パス (またはパートナー センターにあるファイルへの URL),,,,,,,,,,,,,,,,,,,,,,,
TrailerClosedCaption2,1056,相対パス (またはパートナー センターにあるファイルへの URL),,,,,,,,,,,,,,,,,,,,,,,
TrailerClosedCaption3,1057,相対パス (またはパートナー センターにあるファイルへの URL),,,,,,,,,,,,,,,,,,,,,,,
TrailerClosedCaption4,1058,相対パス (またはパートナー センターにあるファイルへの URL),,,,,,,,,,,,,,,,,,,,,,,
TrailerClosedCaption5,1059,相対パス (またはパートナー センターにあるファイルへの URL),,,,,,,,,,,,,,,,,,,,,,,
TrailerClosedCaption6,1060,相対パス (またはパートナー センターにあるファイルへの URL),,,,,,,,,,,,,,,,,,,,,,,
TrailerClosedCaption7,1061,相対パス (またはパートナー センターにあるファイルへの URL),,,,,,,,,,,,,,,,,,,,,,,
TrailerClosedCaption8,1062,相対パス (またはパートナー センターにあるファイルへの URL),,,,,,,,,,,,,,,,,,,,,,,
TrailerClosedCaption9,1063,相対パス (またはパートナー センターにあるファイルへの URL),,,,,,,,,,,,,,,,,,,,,,,
TrailerClosedCaption10,1064,相対パス (またはパートナー センターにあるファイルへの URL),,,,,,,,,,,,,,,,,,,,,,,
TrailerClosedCaption11,1065,相対パス (またはパートナー センターにあるファイルへの URL),,,,,,,,,,,,,,,,,,,,,,,
TrailerClosedCaption12,1066,相対パス (またはパートナー センターにあるファイルへの URL),,,,,,,,,,,,,,,,,,,,,,,
TrailerClosedCaption13,1067,相対パス (またはパートナー センターにあるファイルへの URL),,,,,,,,,,,,,,,,,,,,,,,
TrailerClosedCaption14,1068,相対パス (またはパートナー センターにあるファイルへの URL),,,,,,,,,,,,,,,,,,,,,,,
TrailerClosedCaption15,1069,相対パス (またはパートナー センターにあるファイルへの URL),,,,,,,,,,,,,,,,,,,,,,,
TrailerAudioDescription1,1070,相対パス (またはパートナー センターにあるファイルへの URL),,,,,,,,,,,,,,,,,,,,,,,
TrailerAudioDescription2,1071,相対パス (またはパートナー センターにあるファイルへの URL),,,,,,,,,,,,,,,,,,,,,,,
TrailerAudioDescription3,1072,相対パス (またはパートナー センターにあるファイルへの URL),,,,,,,,,,,,,,,,,,,,,,,
TrailerAudioDescription4,1073,相対パス (またはパートナー センターにあるファイルへの URL),,,,,,,,,,,,,,,,,,,,,,,
TrailerAudioDescription5,1074,相対パス (またはパートナー センターにあるファイルへの URL),,,,,,,,,,,,,,,,,,,,,,,
TrailerAudioDescription6,1075,相対パス (またはパートナー センターにあるファイルへの URL),,,,,,,,,,,,,,,,,,,,,,,
TrailerAudioDescription7,1076,相対パス (またはパートナー センターにあるファイルへの URL),,,,,,,,,,,,,,,,,,,,,,,
TrailerAudioDescription8,1077,相対パス (またはパートナー センターにあるファイルへの URL),,,,,,,,,,,,,,,,,,,,,,,
TrailerAudioDescription9,1078,相対パス (またはパートナー センターにあるファイルへの URL),,,,,,,,,,,,,,,,,,,,,,,
TrailerAudioDescription10,1079,相対パス (またはパートナー センターにあるファイルへの URL),,,,,,,,,,,,,,,,,,,,,,,
TrailerAudioDescription11,1080,相対パス (またはパートナー センターにあるファイルへの URL),,,,,,,,,,,,,,,,,,,,,,,
TrailerAudioDescription12,1081,相対パス (またはパートナー センターにあるファイルへの URL),,,,,,,,,,,,,,,,,,,,,,,
TrailerAudioDescription13,1082,相対パス (またはパートナー センターにあるファイルへの URL),,,,,,,,,,,,,,,,,,,,,,,
TrailerAudioDescription14,1083,相対パス (またはパートナー センターにあるファイルへの URL),,,,,,,,,,,,,,,,,,,,,,,
TrailerAudioDescription15,1084,相対パス (またはパートナー センターにあるファイルへの URL),,,,,,,,,,,,,,,,,,,,,,,
,,,,,,,,,,,,,,,,,,,,,,,,,
,,,,,,,,,,,,,,,,,,,,,,,,,
,,,,,,,,,,,,,,,,,,,,,,,,,
,,,,,,,,,,,,,,,,,,,,,,,,,
,,,,,,,,,,,,,,,,,,,,,,,,,
,,,,,,,,,,,,,,,,,,,,,,,,,
,,,,,,,,,,,,,,,,,,,,,,,,,
,,,,,,,,,,,,,,,,,,,,,,,,,
,,,,,,,,,,,,,,,,,,,,,,,,,
,,,,,,,,,,,,,,,,,,,,,,,,,
,,,,,,,,,,,,,,,,,,,,,,,,,
,,,,,,,,,,,,,,,,,,,,,,,,,
,,,,,,,,,,,,,,,,,,,,,,,,,
,,,,,,,,,,,,,,,,,,,,,,,,,
,,,,,,,,,,,,,,,,,,,,,,,,,
,,,,,,,,,,,,,,,,,,,,,,,,,
,,,,,,,,,,,,,,,,,,,,,,,,,
,,,,,,,,,,,,,,,,,,,,,,,,,
,,,,,,,,,,,,,,,,,,,,,,,,,
,,,,,,,,,,,,,,,,,,,,,,,,,
,,,,,,,,,,,,,,,,,,,,,,,,,
,,,,,,,,,,,,,,,,,,,,,,,,,
,,,,,,,,,,,,,,,,,,,,,,,,,
,,,,,,,,,,,,,,,,,,,,,,,,,
